AJR,2021,227,011102,03,Unnamed: 5,237076,237076.1,EFFACRES-19035,E U S HY 290  TX 78621,N,ABS 345 SUR 53 HINES W ACR 19.036 (1-D-1) ,Unnamed: 12,Unnamed: 13,N.1,Unnamed: 15,Unnamed: 16,1FE2,Unnamed: 18,Unnamed: 19,Unnamed: 20,0,0.1,N.2,Unnamed: 24,1.000000,2021.1,1,19.036,1812256,D1,D1.1,621906,Unnamed: 33,621906.1,Unnamed: 35,Unnamed: 36,Unnamed: 37,N.3,N.4,N.5,Unnamed: 41,Unnamed: 42,Unnamed: 43,Unnamed: 44,Unnamed: 45,Unnamed: 46,Unnamed: 47,Unnamed: 48,Unnamed: 49,Unnamed: 50,Unnamed: 51,Unnamed: 52,Unnamed: 53,Unnamed: 54,Unnamed: 55,Unnamed: 56,Unnamed: 57,Unnamed: 58,Unnamed: 59,Unnamed: 60,Unnamed: 61,Unnamed: 62,Unnamed: 63,Unnamed: 64,Unnamed: 65,Unnamed: 66,Unnamed: 67,N.6,N.7,N.8,Unnamed: 71,N.9,N.10,Unnamed: 74,Unnamed: 75,N.11,N.12,Unnamed: 78,Unnamed: 79,227.1,Unnamed: 81,Unnamed: 82,0.2,Unnamed: 84,Match_Reason
AJR,2021,227,011102,03,,832773,832773,,VARIOUS LOCATIONS  TX,N,PERSONAL PROPERTY COMMERCIAL AMERICAN HOMES 4 RENT LP ,,,N,,,,,0001Z,00001Z,0,0,N,,1.000000,2021,4,.000,1581934,L1,L1,6069,,,,,7643,N,N,N,,,,,,,,,,,,,,,,,,,,,,,,,,,,N,N,N,,N,N,,,N,N,,,227,,,0,,Keyword: AMERICAN HOMES 4 RENT
AJR,2021,227,011202,40,,832771,832771,,VARIOUS LOCATIONS  TX,N,PERSONAL PROPERTY COMMERCIAL AMERICAN HOMES 4 RENT L ,,,N,,,,,0001Z,00001Z,0,0,N,,1.000000,2021,4,.000,1581934,L1,L1,9275,,,,,15010,N,N,N,,,,,,,,,,,,,,,,,,,,,,,,,,,,N,N,N,,N,N,,,N,N,,,227,,,0,,Keyword: AMERICAN HOMES 4 RENT
AJR,2021,227,011202,40,,832773,832773,,VARIOUS LOCATIONS  TX,N,PERSONAL PROPERTY COMMERCIAL AMERICAN HOMES 4 RENT LP ,,,N,,,,,0001Z,00001Z,0,0,N,,1.000000,2021,4,.000,1581934,L1,L1,3164,,,,,5064,N,N,N,,,,,,,,,,,,,,,,,,,,,,,,,,,,N,N,N,,N,N,,,N,N,,,227,,,0,,Keyword: AMERICAN HOMES 4 RENT
AJR,2021,227,011902,02,,832771,832771,,VARIOUS LOCATIONS  TX,N,PERSONAL PROPERTY COMMERCIAL AMERICAN HOMES 4 RENT L ,,,N,,,,,0001Z,00001Z,0,0,N,,1.000000,2021,4,.000,1581934,L1,L1,9275,,,,,15010,N,N,N,,,,,,,,,,,,,,,,,,,,,,,,,,,,N,N,N,,N,N,,,N,N,,,227,,,0,,Keyword: AMERICAN HOMES 4 RENT
AJR,2021,227,011902,02,,832773,832773,,VARIOUS LOCATIONS  TX,N,PERSONAL PROPERTY COMMERCIAL AMERICAN HOMES 4 RENT LP ,,,N,,,,,0001Z,00001Z,0,0,N,,1.000000,2021,4,.000,1581934,L1,L1,6069,,,,,7643,N,N,N,,,,,,,,,,,,,,,,,,,,,,,,,,,,N,N,N,,N,N,,,N,N,,,227,,,0,,Keyword: AMERICAN HOMES 4 RENT
AJR,2021,227,227000,00,A,829188,829188,,5001 PLAZA ON THE LAKE 200 TX 78746,N,PERSONAL PROPERTY COMMERCIAL MAIN STREET RENEWAL LLC ,,,N,,,,,6531,653100,0,0,N,,1.000000,2021,4,.000,1574870,L1,L1,658742,,,,,838354,N,N,N,,,,,20.00,,,,,,,,,,,,,,,,,,,,,,,N,N,N,,N,N,,,N,N,,,227,,,0,,Keyword: MAIN STREET RENEWAL
AJR,2021,227,227000,00,A,832750,832750,,VARIOUS LOCATIONS  TX,N,PERSONAL PROPERTY COMMERCIAL AMERICAN HOMES 4 RENT LP ,,,N,,,,,0001Z,00001Z,0,0,N,,1.000000,2021,4,.000,1581934,L1,L1,77962,,,,,74903,N,N,N,,,,,20.00,,,,,,,,,,,,,,,,,,,,,,,N,N,N,,N,N,,,N,N,,,227,,,0,,Keyword: AMERICAN HOMES 4 RENT
AJR,2021,227,227000,00,A,832751,832751,,VARIOUS LOCATIONS  TX,N,PERSONAL PROPERTY COMMERCIAL AMERICAN HOMES 4 RENT LP ,,,N,,,,,0001Z,00001Z,0,0,N,,1.000000,2021,4,.000,1581934,L1,L1,5279,,,,,6843,N,N,N,,,,,20.00,,,,,,,,,,,,,,,,,,,,,,,N,N,N,,N,N,,,N,N,,,227,,,0,,Keyword: AMERICAN HOMES 4 RENT
AJR,2021,227,227000,00,A,832752,832752,,VARIOUS LOCATIONS  TX,N,PERSONAL PROPERTY COMMERCIAL AMERICAN HOMES 4 RENT LP ,,,N,,,,,0001Z,00001Z,0,0,N,,1.000000,2021,4,.000,1581934,L1,L1,46956,,,,,54498,N,N,N,,,,,20.00,,,,,,,,,,,,,,,,,,,,,,,N,N,N,,N,N,,,N,N,,,227,,,0,,Keyword: AMERICAN HOMES 4 RENT
AJR,2021,227,227000,00,A,832753,832753,,VARIOUS LOCATIONS  TX,N,PERSONAL PROPERTY COMMERCIAL AMERICAN HOMES 4 RENT LP ,,,N,,,,,0001Z,00001Z,0,0,N,,1.000000,2021,4,.000,1581934,L1,L1,1155,,,,,3284,N,N,N,,,,,20.00,,,,,,,,,,,,,,,,,,,,,,,N,N,N,,N,N,,,N,N,,,227,,,0,,Keyword: AMERICAN HOMES 4 RENT
AJR,2021,227,227000,00,A,832754,832754,,VARIOUS LOCATIONS  TX,N,PERSONAL PROPERTY COMMERCIAL AMERICAN HOMES 4 RENT LP ,,,N,,,,,0001Z,00001Z,0,0,N,,1.000000,2021,4,.000,1581934,L1,L1,20687,,,,,27192,N,N,N,,,,,20.00,,,,,,,,,,,,,,,,,,,,,,,N,N,N,,N,N,,,N,N,,,227,,,0,,Keyword: AMERICAN HOMES 4 RENT
AJR,2021,227,227000,00,A,832757,832757,,VARIOUS LOCATIONS  TX,N,PERSONAL PROPERTY COMMERCIAL AMERICAN HOMES 4 RENT LP ,,,N,,,,,0001Z,00001Z,0,0,N,,1.000000,2021,4,.000,1581934,L1,L1,63942,,,,,73975,N,N,N,,,,,20.00,,,,,,,,,,,,,,,,,,,,,,,N,N,N,,N,N,,,N,N,,,227,,,0,,Keyword: AMERICAN HOMES 4 RENT
AJR,2021,227,227000,00,A,832758,832758,,VARIOUS LOCATIONS  TX,N,PERSONAL PROPERTY COMMERICAL AMERICAN HOMES 4 RENT LP ,,,N,,,,,0001Z,00001Z,0,0,N,,1.000000,2021,4,.000,1581934,L1,L1,7288,,,,,8623,N,N,N,,,,,20.00,,,,,,,,,,,,,,,,,,,,,,,N,N,N,,N,N,,,N,N,,,227,,,0,,Keyword: AMERICAN HOMES 4 RENT
AJR,2021,227,227000,00,A,832759,832759,,VARIOUS LOCATIONS  TX,N,PERSONAL PROPERTY COMMERCIAL AMERICAN HOMES 4 RENT LP ,,,N,,,,,0001Z,00001Z,0,0,N,,1.000000,2021,4,.000,1581934,L1,L1,30842,,,,,37955,N,N,N,,,,,20.00,,,,,,,,,,,,,,,,,,,,,,,N,N,N,,N,N,,,N,N,,,227,,,0,,Keyword: AMERICAN HOMES 4 RENT
AJR,2021,227,227000,00,A,832760,832760,,VARIOUS LOCATIONS  TX,N,PERSONAL PROPERTY COMMERCIAL AMERICAN HOMES 4 RENT LP ,,,N,,,,,0001Z,00001Z,0,0,N,,1.000000,2021,4,.000,1581934,L1,L1,3593,,,,,5244,N,N,N,,,,,20.00,,,,,,,,,,,,,,,,,,,,,,,N,N,N,,N,N,,,N,N,,,227,,,0,,Keyword: AMERICAN HOMES 4 RENT
AJR,2021,227,227000,00,A,832763,832763,,VARIOUS LOCATIONS  TX,N,PERSONAL PROPERTY COMMERCIAL AMERICAN HOMES 4 RENT LP ,,,N,,,,,0001Z,00001Z,0,0,N,,1.000000,2021,4,.000,1581934,L1,L1,2905,,,,,2579,N,N,N,,,,,20.00,,,,,,,,,,,,,,,,,,,,,,,N,N,N,,N,N,,,N,N,,,227,,,0,,Keyword: AMERICAN HOMES 4 RENT
AJR,2021,227,227000,00,A,832764,832764,,VARIOUS LOCATIONS  TX,N,PERSONAL PROPERTY COMMERCIAL AMERICAN HOMES 4 RENT LP ,,,N,,,,,0001Z,00001Z,0,0,N,,1.000000,2021,4,.000,1581934,L1,L1,11242,,,,,14487,N,N,N,,,,,20.00,,,,,,,,,,,,,,,,,,,,,,,N,N,N,,N,N,,,N,N,,,227,,,0,,Keyword: AMERICAN HOMES 4 RENT
AJR,2021,227,227000,00,A,832765,832765,,VARIOUS LOCATIONS  TX,N,PERSONAL PROPERTY COMMERCIAL AMERICAN HOMES 4 RENT LP ,,,N,,,,,0001Z,00001Z,0,0,N,,1.000000,2021,4,.000,1581934,L1,L1,2009,,,,,1780,N,N,N,,,,,20.00,,,,,,,,,,,,,,,,,,,,,,,N,N,N,,N,N,,,N,N,,,227,,,0,,Keyword: AMERICAN HOMES 4 RENT
AJR,2021,227,227000,00,A,832766,832766,,VARIOUS LOCATIONS  TX,N,PERSONAL PROPERTY COMMERCIAL AMERICAN HOMES 4 RENT LP ,,,N,,,,,0001Z,00001Z,0,0,N,,1.000000,2021,4,.000,1581934,L1,L1,58112,,,,,72336,N,N,N,,,,,20.00,,,,,,,,,,,,,,,,,,,,,,,N,N,N,,N,N,,,N,N,,,227,,,0,,Keyword: AMERICAN HOMES 4 RENT
AJR,2021,227,227000,00,A,832767,832767,,VARIOUS LOCATIONS  TX,N,PERSONAL PROPERTY COMMERCIAL AMERICAN HOMES 4 RENT LP ,,,N,,,,,0001Z,00001Z,0,0,N,,1.000000,2021,4,.000,1581934,L1,L1,20280,,,,,22405,N,N,N,,,,,20.00,,,,,,,,,,,,,,,,,,,,,,,N,N,N,,N,N,,,N,N,,,227,,,0,,Keyword: AMERICAN HOMES 4 RENT
AJR,2021,227,227000,00,A,832768,832768,,VARIOUS LOCATIONS  TX,N,PERSONAL PROPERTY COMMERCIAL AMERICAN HOMES 4 RENT LP ,,,N,,,,,0001Z,00001Z,0,0,N,,1.000000,2021,4,.000,1581934,L1,L1,12992,,,,,13782,N,N,N,,,,,20.00,,,,,,,,,,,,,,,,,,,,,,,N,N,N,,N,N,,,N,N,,,227,,,0,,Keyword: AMERICAN HOMES 4 RENT
AJR,2021,227,227000,00,A,832769,832769,,VARIOUS LOCATIONS  TX,N,PERSONAL PROPERTY COMMERCIAL AMERICAN HOMES 4 RENT LP ,,,N,,,,,0001Z,00001Z,0,0,N,,1.000000,2021,4,.000,1581934,L1,L1,1581,,,,,1270,N,N,N,,,,,20.00,,,,,,,,,,,,,,,,,,,,,,,N,N,N,,N,N,,,N,N,,,227,,,0,,Keyword: AMERICAN HOMES 4 RENT
AJR,2021,227,227000,00,A,832770,832770,,VARIOUS LOCATIONS  TX,N,PERSONAL PROPERTY COMMERCIAL AMERICAN HOMES 4 RENT LP ,,,N,,,,,0001Z,00001Z,0,0,N,,1.000000,2021,4,.000,1581934,L1,L1,8507,,,,,6319,N,N,N,,,,,20.00,,,,,,,,,,,,,,,,,,,,,,,N,N,N,,N,N,,,N,N,,,227,,,0,,Keyword: AMERICAN HOMES 4 RENT
AJR,2021,227,227000,00,A,832771,832771,,VARIOUS LOCATIONS  TX,N,PERSONAL PROPERTY COMMERCIAL AMERICAN HOMES 4 RENT L ,,,N,,,,,0001Z,00001Z,0,0,N,,1.000000,2021,4,.000,1581934,L1,L1,9275,,,,,15010,N,N,N,,,,,20.00,,,,,,,,,,,,,,,,,,,,,,,N,N,N,,N,N,,,N,N,,,227,,,0,,Keyword: AMERICAN HOMES 4 RENT
AJR,2021,227,227000,00,A,832773,832773,,VARIOUS LOCATIONS  TX,N,PERSONAL PROPERTY COMMERCIAL AMERICAN HOMES 4 RENT LP ,,,N,,,,,0001Z,00001Z,0,0,N,,1.000000,2021,4,.000,1581934,L1,L1,6069,,,,,7643,N,N,N,,,,,20.00,,,,,,,,,,,,,,,,,,,,,,,N,N,N,,N,N,,,N,N,,,227,,,0,,Keyword: AMERICAN HOMES 4 RENT
AJR,2021,227,227000,00,A,832774,832774,,VARIOUS LOCATIONS  TX,N,PERSONAL PROPERTY COMMERCIAL AMERICAN HOMES 4 RENT LP ,,,N,,,,,0001Z,00001Z,0,0,N,,1.000000,2021,4,.000,1581934,L1,L1,2905,,,,,2579,N,N,N,,,,,20.00,,,,,,,,,,,,,,,,,,,,,,,N,N,N,,N,N,,,N,N,,,227,,,0,,Keyword: AMERICAN HOMES 4 RENT
AJR,2021,227,227000,00,A,832775,832775,,VARIOUS LOCATIONS  TX,N,PERSONAL PROPERTY COMMERCIAL AMERICAN HOMES 4 RENT LP ,,,N,,,,,0001Z,00001Z,0,0,N,,1.000000,2021,4,.000,1581934,L1,L1,2905,,,,,2579,N,N,N,,,,,20.00,,,,,,,,,,,,,,,,,,,,,,,N,N,N,,N,N,,,N,N,,,227,,,0,,Keyword: AMERICAN HOMES 4 RENT
AJR,2021,227,227000,00,A,832776,832776,,VARIOUS LOCATIONS  TX,N,PERSONAL PROPERTY COMMERCIAL AMERICAN HOMES 4 RENT LP ,,,N,,,,,0001Z,00001Z,0,0,N,,1.000000,2021,4,.000,1581934,L1,L1,13319,,,,,15827,N,N,N,,,,,20.00,,,,,,,,,,,,,,,,,,,,,,,N,N,N,,N,N,,,N,N,,,227,,,0,,Keyword: AMERICAN HOMES 4 RENT
AJR,2021,227,227000,00,A,832777,832777,,VARIOUS LOCATIONS  TX,N,PERSONAL PROPERTY COMMERCIAL AMERICAN HOMES 4 RENT LP ,,,N,,,,,0001Z,00001Z,0,0,N,,1.000000,2021,4,.000,1581934,L1,L1,2310,,,,,6568,N,N,N,,,,,20.00,,,,,,,,,,,,,,,,,,,,,,,N,N,N,,N,N,,,N,N,,,227,,,0,,Keyword: AMERICAN HOMES 4 RENT
AJR,2021,227,227000,00,A,922257,922257,,VARIOUS LOCATIONS  TX,N,PERSONAL PROPERTY COMMERCIAL AMERICAN HOMES 4 RENT LP ,,,N,,,,,0001Z,00001Z,0,0,N,,1.000000,2021,4,.000,1581934,L1,L1,283385,,,,,250478,N,N,N,,,,,20.00,,,,,,,,,,,,,,,,,,,,,,,N,N,N,,N,N,,,N,N,,,227,,,0,,Keyword: AMERICAN HOMES 4 RENT
AJR,2021,227,227101,03,,832757,832757,,VARIOUS LOCATIONS  TX,N,PERSONAL PROPERTY COMMERCIAL AMERICAN HOMES 4 RENT LP ,,,N,,,,,0001Z,00001Z,0,0,N,,1.000000,2021,4,.000,1581934,L1,L1,63942,,,,,73975,N,N,N,,,,,,,,,,,,,,,,,,,,,,,,,,,,N,N,N,,N,N,,,N,N,,,227,,,0,,Keyword: AMERICAN HOMES 4 RENT
AJR,2021,227,227102,03,,832766,832766,,VARIOUS LOCATIONS  TX,N,PERSONAL PROPERTY COMMERCIAL AMERICAN HOMES 4 RENT LP ,,,N,,,,,0001Z,00001Z,0,0,N,,1.000000,2021,4,.000,1581934,L1,L1,58112,,,,,72336,N,N,N,,,,,,,,,,,,,,,,,,,,,,,,,,,,N,N,N,,N,N,,,N,N,,,227,,,0,,Keyword: AMERICAN HOMES 4 RENT
AJR,2021,227,227104,03,,829188,829188,,5001 PLAZA ON THE LAKE 200 TX 78746,N,PERSONAL PROPERTY COMMERCIAL MAIN STREET RENEWAL LLC ,,,N,,,,,6531,653100,0,0,N,,1.000000,2021,4,.000,1574870,L1,L1,658742,,,,,838354,N,N,N,,,,,20.00,,,,,,,,,,,,,,,,,,,,,,,N,N,N,,N,N,,,N,N,,,227,,,0,,Keyword: MAIN STREET RENEWAL
AJR,2021,227,227104,03,,832750,832750,,VARIOUS LOCATIONS  TX,N,PERSONAL PROPERTY COMMERCIAL AMERICAN HOMES 4 RENT LP ,,,N,,,,,0001Z,00001Z,0,0,N,,1.000000,2021,4,.000,1581934,L1,L1,77962,,,,,74903,N,N,N,,,,,20.00,,,,,,,,,,,,,,,,,,,,,,,N,N,N,,N,N,,,N,N,,,227,,,0,,Keyword: AMERICAN HOMES 4 RENT
AJR,2021,227,227104,03,,832752,832752,,VARIOUS LOCATIONS  TX,N,PERSONAL PROPERTY COMMERCIAL AMERICAN HOMES 4 RENT LP ,,,N,,,,,0001Z,00001Z,0,0,N,,1.000000,2021,4,.000,1581934,L1,L1,46956,,,,,54498,N,N,N,,,,,20.00,,,,,,,,,,,,,,,,,,,,,,,N,N,N,,N,N,,,N,N,,,227,,,0,,Keyword: AMERICAN HOMES 4 RENT
AJR,2021,227,227104,03,,832753,832753,,VARIOUS LOCATIONS  TX,N,PERSONAL PROPERTY COMMERCIAL AMERICAN HOMES 4 RENT LP ,,,N,,,,,0001Z,00001Z,0,0,N,,1.000000,2021,4,.000,1581934,L1,L1,1155,,,,,3284,N,N,N,,,,,20.00,,,,,,,,,,,,,,,,,,,,,,,N,N,N,,N,N,,,N,N,,,227,,,0,,Keyword: AMERICAN HOMES 4 RENT
AJR,2021,227,227104,03,,832754,832754,,VARIOUS LOCATIONS  TX,N,PERSONAL PROPERTY COMMERCIAL AMERICAN HOMES 4 RENT LP ,,,N,,,,,0001Z,00001Z,0,0,N,,1.000000,2021,4,.000,1581934,L1,L1,20687,,,,,27192,N,N,N,,,,,20.00,,,,,,,,,,,,,,,,,,,,,,,N,N,N,,N,N,,,N,N,,,227,,,0,,Keyword: AMERICAN HOMES 4 RENT
AJR,2021,227,227113,03,,832769,832769,,VARIOUS LOCATIONS  TX,N,PERSONAL PROPERTY COMMERCIAL AMERICAN HOMES 4 RENT LP ,,,N,,,,,0001Z,00001Z,0,0,N,,1.000000,2021,4,.000,1581934,L1,L1,1581,,,,,1270,N,N,N,,,,,20.00,,,,,,,,,,,,,,,,,,,,,,,N,N,N,,N,N,,,N,N,,,227,,,0,,Keyword: AMERICAN HOMES 4 RENT
AJR,2021,227,227201,05,,832764,832764,,VARIOUS LOCATIONS  TX,N,PERSONAL PROPERTY COMMERCIAL AMERICAN HOMES 4 RENT LP ,,,N,,,,,0001Z,00001Z,0,0,N,,1.000000,2021,4,.000,1581934,L1,L1,11242,,,,,14487,N,N,N,,,,,,,,,,,,,,,,,,,,,,,,,,,,N,N,N,,N,N,,,N,N,,,227,,,0,,Keyword: AMERICAN HOMES 4 RENT
AJR,2021,227,227201,11,,829188,829188,,5001 PLAZA ON THE LAKE 200 TX 78746,N,PERSONAL PROPERTY COMMERCIAL MAIN STREET RENEWAL LLC ,,,N,,,,,6531,653100,0,0,N,,1.000000,2021,4,.000,1574870,L1,L1,658742,,,,,838354,N,N,N,,,,,20.00,,,,,,,,,,,,,,,,,,,,,,,N,N,N,,N,N,,,N,N,,,227,,,0,,Keyword: MAIN STREET RENEWAL
AJR,2021,227,227201,11,,832750,832750,,VARIOUS LOCATIONS  TX,N,PERSONAL PROPERTY COMMERCIAL AMERICAN HOMES 4 RENT LP ,,,N,,,,,0001Z,00001Z,0,0,N,,1.000000,2021,4,.000,1581934,L1,L1,77962,,,,,74903,N,N,N,,,,,20.00,,,,,,,,,,,,,,,,,,,,,,,N,N,N,,N,N,,,N,N,,,227,,,0,,Keyword: AMERICAN HOMES 4 RENT
AJR,2021,227,227201,11,,832751,832751,,VARIOUS LOCATIONS  TX,N,PERSONAL PROPERTY COMMERCIAL AMERICAN HOMES 4 RENT LP ,,,N,,,,,0001Z,00001Z,0,0,N,,1.000000,2021,4,.000,1581934,L1,L1,5279,,,,,6843,N,N,N,,,,,20.00,,,,,,,,,,,,,,,,,,,,,,,N,N,N,,N,N,,,N,N,,,227,,,0,,Keyword: AMERICAN HOMES 4 RENT
AJR,2021,227,227201,11,,832752,832752,,VARIOUS LOCATIONS  TX,N,PERSONAL PROPERTY COMMERCIAL AMERICAN HOMES 4 RENT LP ,,,N,,,,,0001Z,00001Z,0,0,N,,1.000000,2021,4,.000,1581934,L1,L1,46956,,,,,54498,N,N,N,,,,,20.00,,,,,,,,,,,,,,,,,,,,,,,N,N,N,,N,N,,,N,N,,,227,,,0,,Keyword: AMERICAN HOMES 4 RENT
AJR,2021,227,227201,11,,832753,832753,,VARIOUS LOCATIONS  TX,N,PERSONAL PROPERTY COMMERCIAL AMERICAN HOMES 4 RENT LP ,,,N,,,,,0001Z,00001Z,0,0,N,,1.000000,2021,4,.000,1581934,L1,L1,1155,,,,,3284,N,N,N,,,,,20.00,,,,,,,,,,,,,,,,,,,,,,,N,N,N,,N,N,,,N,N,,,227,,,0,,Keyword: AMERICAN HOMES 4 RENT
AJR,2021,227,227201,11,,832754,832754,,VARIOUS LOCATIONS  TX,N,PERSONAL PROPERTY COMMERCIAL AMERICAN HOMES 4 RENT LP ,,,N,,,,,0001Z,00001Z,0,0,N,,1.000000,2021,4,.000,1581934,L1,L1,20687,,,,,27192,N,N,N,,,,,20.00,,,,,,,,,,,,,,,,,,,,,,,N,N,N,,N,N,,,N,N,,,227,,,0,,Keyword: AMERICAN HOMES 4 RENT
AJR,2021,227,227201,11,,832757,832757,,VARIOUS LOCATIONS  TX,N,PERSONAL PROPERTY COMMERCIAL AMERICAN HOMES 4 RENT LP ,,,N,,,,,0001Z,00001Z,0,0,N,,1.000000,2021,4,.000,1581934,L1,L1,63942,,,,,73975,N,N,N,,,,,20.00,,,,,,,,,,,,,,,,,,,,,,,N,N,N,,N,N,,,N,N,,,227,,,0,,Keyword: AMERICAN HOMES 4 RENT
AJR,2021,227,227201,11,,832758,832758,,VARIOUS LOCATIONS  TX,N,PERSONAL PROPERTY COMMERICAL AMERICAN HOMES 4 RENT LP ,,,N,,,,,0001Z,00001Z,0,0,N,,1.000000,2021,4,.000,1581934,L1,L1,7288,,,,,8623,N,N,N,,,,,20.00,,,,,,,,,,,,,,,,,,,,,,,N,N,N,,N,N,,,N,N,,,227,,,0,,Keyword: AMERICAN HOMES 4 RENT
AJR,2021,227,227201,11,,832759,832759,,VARIOUS LOCATIONS  TX,N,PERSONAL PROPERTY COMMERCIAL AMERICAN HOMES 4 RENT LP ,,,N,,,,,0001Z,00001Z,0,0,N,,1.000000,2021,4,.000,1581934,L1,L1,30842,,,,,37955,N,N,N,,,,,20.00,,,,,,,,,,,,,,,,,,,,,,,N,N,N,,N,N,,,N,N,,,227,,,0,,Keyword: AMERICAN HOMES 4 RENT
AJR,2021,227,227201,11,,832760,832760,,VARIOUS LOCATIONS  TX,N,PERSONAL PROPERTY COMMERCIAL AMERICAN HOMES 4 RENT LP ,,,N,,,,,0001Z,00001Z,0,0,N,,1.000000,2021,4,.000,1581934,L1,L1,3593,,,,,5244,N,N,N,,,,,20.00,,,,,,,,,,,,,,,,,,,,,,,N,N,N,,N,N,,,N,N,,,227,,,0,,Keyword: AMERICAN HOMES 4 RENT
AJR,2021,227,227201,11,,832763,832763,,VARIOUS LOCATIONS  TX,N,PERSONAL PROPERTY COMMERCIAL AMERICAN HOMES 4 RENT LP ,,,N,,,,,0001Z,00001Z,0,0,N,,1.000000,2021,4,.000,1581934,L1,L1,2905,,,,,2579,N,N,N,,,,,20.00,,,,,,,,,,,,,,,,,,,,,,,N,N,N,,N,N,,,N,N,,,227,,,0,,Keyword: AMERICAN HOMES 4 RENT
AJR,2021,227,227201,11,,832764,832764,,VARIOUS LOCATIONS  TX,N,PERSONAL PROPERTY COMMERCIAL AMERICAN HOMES 4 RENT LP ,,,N,,,,,0001Z,00001Z,0,0,N,,1.000000,2021,4,.000,1581934,L1,L1,11242,,,,,14487,N,N,N,,,,,20.00,,,,,,,,,,,,,,,,,,,,,,,N,N,N,,N,N,,,N,N,,,227,,,0,,Keyword: AMERICAN HOMES 4 RENT
AJR,2021,227,227201,11,,832765,832765,,VARIOUS LOCATIONS  TX,N,PERSONAL PROPERTY COMMERCIAL AMERICAN HOMES 4 RENT LP ,,,N,,,,,0001Z,00001Z,0,0,N,,1.000000,2021,4,.000,1581934,L1,L1,2009,,,,,1780,N,N,N,,,,,20.00,,,,,,,,,,,,,,,,,,,,,,,N,N,N,,N,N,,,N,N,,,227,,,0,,Keyword: AMERICAN HOMES 4 RENT
AJR,2021,227,227201,11,,832766,832766,,VARIOUS LOCATIONS  TX,N,PERSONAL PROPERTY COMMERCIAL AMERICAN HOMES 4 RENT LP ,,,N,,,,,0001Z,00001Z,0,0,N,,1.000000,2021,4,.000,1581934,L1,L1,58112,,,,,72336,N,N,N,,,,,20.00,,,,,,,,,,,,,,,,,,,,,,,N,N,N,,N,N,,,N,N,,,227,,,0,,Keyword: AMERICAN HOMES 4 RENT
AJR,2021,227,227201,11,,832767,832767,,VARIOUS LOCATIONS  TX,N,PERSONAL PROPERTY COMMERCIAL AMERICAN HOMES 4 RENT LP ,,,N,,,,,0001Z,00001Z,0,0,N,,1.000000,2021,4,.000,1581934,L1,L1,20280,,,,,22405,N,N,N,,,,,20.00,,,,,,,,,,,,,,,,,,,,,,,N,N,N,,N,N,,,N,N,,,227,,,0,,Keyword: AMERICAN HOMES 4 RENT
AJR,2021,227,227201,11,,832768,832768,,VARIOUS LOCATIONS  TX,N,PERSONAL PROPERTY COMMERCIAL AMERICAN HOMES 4 RENT LP ,,,N,,,,,0001Z,00001Z,0,0,N,,1.000000,2021,4,.000,1581934,L1,L1,12992,,,,,13782,N,N,N,,,,,20.00,,,,,,,,,,,,,,,,,,,,,,,N,N,N,,N,N,,,N,N,,,227,,,0,,Keyword: AMERICAN HOMES 4 RENT
AJR,2021,227,227201,11,,832769,832769,,VARIOUS LOCATIONS  TX,N,PERSONAL PROPERTY COMMERCIAL AMERICAN HOMES 4 RENT LP ,,,N,,,,,0001Z,00001Z,0,0,N,,1.000000,2021,4,.000,1581934,L1,L1,1581,,,,,1270,N,N,N,,,,,20.00,,,,,,,,,,,,,,,,,,,,,,,N,N,N,,N,N,,,N,N,,,227,,,0,,Keyword: AMERICAN HOMES 4 RENT
AJR,2021,227,227201,11,,832770,832770,,VARIOUS LOCATIONS  TX,N,PERSONAL PROPERTY COMMERCIAL AMERICAN HOMES 4 RENT LP ,,,N,,,,,0001Z,00001Z,0,0,N,,1.000000,2021,4,.000,1581934,L1,L1,8507,,,,,6319,N,N,N,,,,,20.00,,,,,,,,,,,,,,,,,,,,,,,N,N,N,,N,N,,,N,N,,,227,,,0,,Keyword: AMERICAN HOMES 4 RENT
AJR,2021,227,227201,11,,832771,832771,,VARIOUS LOCATIONS  TX,N,PERSONAL PROPERTY COMMERCIAL AMERICAN HOMES 4 RENT L ,,,N,,,,,0001Z,00001Z,0,0,N,,1.000000,2021,4,.000,1581934,L1,L1,9275,,,,,15010,N,N,N,,,,,20.00,,,,,,,,,,,,,,,,,,,,,,,N,N,N,,N,N,,,N,N,,,227,,,0,,Keyword: AMERICAN HOMES 4 RENT
AJR,2021,227,227201,11,,832773,832773,,VARIOUS LOCATIONS  TX,N,PERSONAL PROPERTY COMMERCIAL AMERICAN HOMES 4 RENT LP ,,,N,,,,,0001Z,00001Z,0,0,N,,1.000000,2021,4,.000,1581934,L1,L1,6069,,,,,7643,N,N,N,,,,,20.00,,,,,,,,,,,,,,,,,,,,,,,N,N,N,,N,N,,,N,N,,,227,,,0,,Keyword: AMERICAN HOMES 4 RENT
AJR,2021,227,227201,11,,832774,832774,,VARIOUS LOCATIONS  TX,N,PERSONAL PROPERTY COMMERCIAL AMERICAN HOMES 4 RENT LP ,,,N,,,,,0001Z,00001Z,0,0,N,,1.000000,2021,4,.000,1581934,L1,L1,2905,,,,,2579,N,N,N,,,,,20.00,,,,,,,,,,,,,,,,,,,,,,,N,N,N,,N,N,,,N,N,,,227,,,0,,Keyword: AMERICAN HOMES 4 RENT
AJR,2021,227,227201,11,,832775,832775,,VARIOUS LOCATIONS  TX,N,PERSONAL PROPERTY COMMERCIAL AMERICAN HOMES 4 RENT LP ,,,N,,,,,0001Z,00001Z,0,0,N,,1.000000,2021,4,.000,1581934,L1,L1,2905,,,,,2579,N,N,N,,,,,20.00,,,,,,,,,,,,,,,,,,,,,,,N,N,N,,N,N,,,N,N,,,227,,,0,,Keyword: AMERICAN HOMES 4 RENT
AJR,2021,227,227201,11,,832776,832776,,VARIOUS LOCATIONS  TX,N,PERSONAL PROPERTY COMMERCIAL AMERICAN HOMES 4 RENT LP ,,,N,,,,,0001Z,00001Z,0,0,N,,1.000000,2021,4,.000,1581934,L1,L1,13319,,,,,15827,N,N,N,,,,,20.00,,,,,,,,,,,,,,,,,,,,,,,N,N,N,,N,N,,,N,N,,,227,,,0,,Keyword: AMERICAN HOMES 4 RENT
AJR,2021,227,227201,11,,832777,832777,,VARIOUS LOCATIONS  TX,N,PERSONAL PROPERTY COMMERCIAL AMERICAN HOMES 4 RENT LP ,,,N,,,,,0001Z,00001Z,0,0,N,,1.000000,2021,4,.000,1581934,L1,L1,2310,,,,,6568,N,N,N,,,,,20.00,,,,,,,,,,,,,,,,,,,,,,,N,N,N,,N,N,,,N,N,,,227,,,0,,Keyword: AMERICAN HOMES 4 RENT
AJR,2021,227,227201,11,,922257,922257,,VARIOUS LOCATIONS  TX,N,PERSONAL PROPERTY COMMERCIAL AMERICAN HOMES 4 RENT LP ,,,N,,,,,0001Z,00001Z,0,0,N,,1.000000,2021,4,.000,1581934,L1,L1,283385,,,,,250478,N,N,N,,,,,20.00,,,,,,,,,,,,,,,,,,,,,,,N,N,N,,N,N,,,N,N,,,227,,,0,,Keyword: AMERICAN HOMES 4 RENT
AJR,2021,227,227201,15,,829188,829188,,5001 PLAZA ON THE LAKE 200 TX 78746,N,PERSONAL PROPERTY COMMERCIAL MAIN STREET RENEWAL LLC ,,,N,,,,,6531,653100,0,0,N,,1.000000,2021,4,.000,1574870,L1,L1,658742,,,,,838354,N,N,N,,,,,1.00,,,,,,,,,,,,,,,,,,,,,,,N,N,N,,N,N,,,N,N,,,227,,,0,,Keyword: MAIN STREET RENEWAL
AJR,2021,227,227201,15,,832750,832750,,VARIOUS LOCATIONS  TX,N,PERSONAL PROPERTY COMMERCIAL AMERICAN HOMES 4 RENT LP ,,,N,,,,,0001Z,00001Z,0,0,N,,1.000000,2021,4,.000,1581934,L1,L1,77962,,,,,74903,N,N,N,,,,,1.00,,,,,,,,,,,,,,,,,,,,,,,N,N,N,,N,N,,,N,N,,,227,,,0,,Keyword: AMERICAN HOMES 4 RENT
AJR,2021,227,227201,15,,832751,832751,,VARIOUS LOCATIONS  TX,N,PERSONAL PROPERTY COMMERCIAL AMERICAN HOMES 4 RENT LP ,,,N,,,,,0001Z,00001Z,0,0,N,,1.000000,2021,4,.000,1581934,L1,L1,5279,,,,,6843,N,N,N,,,,,1.00,,,,,,,,,,,,,,,,,,,,,,,N,N,N,,N,N,,,N,N,,,227,,,0,,Keyword: AMERICAN HOMES 4 RENT
AJR,2021,227,227201,15,,832752,832752,,VARIOUS LOCATIONS  TX,N,PERSONAL PROPERTY COMMERCIAL AMERICAN HOMES 4 RENT LP ,,,N,,,,,0001Z,00001Z,0,0,N,,1.000000,2021,4,.000,1581934,L1,L1,46956,,,,,54498,N,N,N,,,,,1.00,,,,,,,,,,,,,,,,,,,,,,,N,N,N,,N,N,,,N,N,,,227,,,0,,Keyword: AMERICAN HOMES 4 RENT
AJR,2021,227,227201,15,,832753,832753,,VARIOUS LOCATIONS  TX,N,PERSONAL PROPERTY COMMERCIAL AMERICAN HOMES 4 RENT LP ,,,N,,,,,0001Z,00001Z,0,0,N,,1.000000,2021,4,.000,1581934,L1,L1,1155,,,,,3284,N,N,N,,,,,1.00,,,,,,,,,,,,,,,,,,,,,,,N,N,N,,N,N,,,N,N,,,227,,,0,,Keyword: AMERICAN HOMES 4 RENT
AJR,2021,227,227201,15,,832754,832754,,VARIOUS LOCATIONS  TX,N,PERSONAL PROPERTY COMMERCIAL AMERICAN HOMES 4 RENT LP ,,,N,,,,,0001Z,00001Z,0,0,N,,1.000000,2021,4,.000,1581934,L1,L1,20687,,,,,27192,N,N,N,,,,,1.00,,,,,,,,,,,,,,,,,,,,,,,N,N,N,,N,N,,,N,N,,,227,,,0,,Keyword: AMERICAN HOMES 4 RENT
AJR,2021,227,227201,15,,832757,832757,,VARIOUS LOCATIONS  TX,N,PERSONAL PROPERTY COMMERCIAL AMERICAN HOMES 4 RENT LP ,,,N,,,,,0001Z,00001Z,0,0,N,,1.000000,2021,4,.000,1581934,L1,L1,63942,,,,,73975,N,N,N,,,,,1.00,,,,,,,,,,,,,,,,,,,,,,,N,N,N,,N,N,,,N,N,,,227,,,0,,Keyword: AMERICAN HOMES 4 RENT
AJR,2021,227,227201,15,,832758,832758,,VARIOUS LOCATIONS  TX,N,PERSONAL PROPERTY COMMERICAL AMERICAN HOMES 4 RENT LP ,,,N,,,,,0001Z,00001Z,0,0,N,,1.000000,2021,4,.000,1581934,L1,L1,7288,,,,,8623,N,N,N,,,,,1.00,,,,,,,,,,,,,,,,,,,,,,,N,N,N,,N,N,,,N,N,,,227,,,0,,Keyword: AMERICAN HOMES 4 RENT
AJR,2021,227,227201,15,,832759,832759,,VARIOUS LOCATIONS  TX,N,PERSONAL PROPERTY COMMERCIAL AMERICAN HOMES 4 RENT LP ,,,N,,,,,0001Z,00001Z,0,0,N,,1.000000,2021,4,.000,1581934,L1,L1,30842,,,,,37955,N,N,N,,,,,1.00,,,,,,,,,,,,,,,,,,,,,,,N,N,N,,N,N,,,N,N,,,227,,,0,,Keyword: AMERICAN HOMES 4 RENT
AJR,2021,227,227201,15,,832760,832760,,VARIOUS LOCATIONS  TX,N,PERSONAL PROPERTY COMMERCIAL AMERICAN HOMES 4 RENT LP ,,,N,,,,,0001Z,00001Z,0,0,N,,1.000000,2021,4,.000,1581934,L1,L1,3593,,,,,5244,N,N,N,,,,,1.00,,,,,,,,,,,,,,,,,,,,,,,N,N,N,,N,N,,,N,N,,,227,,,0,,Keyword: AMERICAN HOMES 4 RENT
AJR,2021,227,227201,15,,832763,832763,,VARIOUS LOCATIONS  TX,N,PERSONAL PROPERTY COMMERCIAL AMERICAN HOMES 4 RENT LP ,,,N,,,,,0001Z,00001Z,0,0,N,,1.000000,2021,4,.000,1581934,L1,L1,2905,,,,,2579,N,N,N,,,,,1.00,,,,,,,,,,,,,,,,,,,,,,,N,N,N,,N,N,,,N,N,,,227,,,0,,Keyword: AMERICAN HOMES 4 RENT
AJR,2021,227,227201,15,,832765,832765,,VARIOUS LOCATIONS  TX,N,PERSONAL PROPERTY COMMERCIAL AMERICAN HOMES 4 RENT LP ,,,N,,,,,0001Z,00001Z,0,0,N,,1.000000,2021,4,.000,1581934,L1,L1,2009,,,,,1780,N,N,N,,,,,1.00,,,,,,,,,,,,,,,,,,,,,,,N,N,N,,N,N,,,N,N,,,227,,,0,,Keyword: AMERICAN HOMES 4 RENT
AJR,2021,227,227201,15,,832770,832770,,VARIOUS LOCATIONS  TX,N,PERSONAL PROPERTY COMMERCIAL AMERICAN HOMES 4 RENT LP ,,,N,,,,,0001Z,00001Z,0,0,N,,1.000000,2021,4,.000,1581934,L1,L1,8507,,,,,6319,N,N,N,,,,,1.00,,,,,,,,,,,,,,,,,,,,,,,N,N,N,,N,N,,,N,N,,,227,,,0,,Keyword: AMERICAN HOMES 4 RENT
AJR,2021,227,227201,15,,832771,832771,,VARIOUS LOCATIONS  TX,N,PERSONAL PROPERTY COMMERCIAL AMERICAN HOMES 4 RENT L ,,,N,,,,,0001Z,00001Z,0,0,N,,1.000000,2021,4,.000,1581934,L1,L1,9275,,,,,15010,N,N,N,,,,,1.00,,,,,,,,,,,,,,,,,,,,,,,N,N,N,,N,N,,,N,N,,,227,,,0,,Keyword: AMERICAN HOMES 4 RENT
AJR,2021,227,227201,15,,832773,832773,,VARIOUS LOCATIONS  TX,N,PERSONAL PROPERTY COMMERCIAL AMERICAN HOMES 4 RENT LP ,,,N,,,,,0001Z,00001Z,0,0,N,,1.000000,2021,4,.000,1581934,L1,L1,6069,,,,,7643,N,N,N,,,,,1.00,,,,,,,,,,,,,,,,,,,,,,,N,N,N,,N,N,,,N,N,,,227,,,0,,Keyword: AMERICAN HOMES 4 RENT
AJR,2021,227,227201,15,,832774,832774,,VARIOUS LOCATIONS  TX,N,PERSONAL PROPERTY COMMERCIAL AMERICAN HOMES 4 RENT LP ,,,N,,,,,0001Z,00001Z,0,0,N,,1.000000,2021,4,.000,1581934,L1,L1,2905,,,,,2579,N,N,N,,,,,1.00,,,,,,,,,,,,,,,,,,,,,,,N,N,N,,N,N,,,N,N,,,227,,,0,,Keyword: AMERICAN HOMES 4 RENT
AJR,2021,227,227201,15,,832775,832775,,VARIOUS LOCATIONS  TX,N,PERSONAL PROPERTY COMMERCIAL AMERICAN HOMES 4 RENT LP ,,,N,,,,,0001Z,00001Z,0,0,N,,1.000000,2021,4,.000,1581934,L1,L1,2905,,,,,2579,N,N,N,,,,,1.00,,,,,,,,,,,,,,,,,,,,,,,N,N,N,,N,N,,,N,N,,,227,,,0,,Keyword: AMERICAN HOMES 4 RENT
AJR,2021,227,227201,15,,832776,832776,,VARIOUS LOCATIONS  TX,N,PERSONAL PROPERTY COMMERCIAL AMERICAN HOMES 4 RENT LP ,,,N,,,,,0001Z,00001Z,0,0,N,,1.000000,2021,4,.000,1581934,L1,L1,13319,,,,,15827,N,N,N,,,,,1.00,,,,,,,,,,,,,,,,,,,,,,,N,N,N,,N,N,,,N,N,,,227,,,0,,Keyword: AMERICAN HOMES 4 RENT
AJR,2021,227,227201,15,,832777,832777,,VARIOUS LOCATIONS  TX,N,PERSONAL PROPERTY COMMERCIAL AMERICAN HOMES 4 RENT LP ,,,N,,,,,0001Z,00001Z,0,0,N,,1.000000,2021,4,.000,1581934,L1,L1,2310,,,,,6568,N,N,N,,,,,1.00,,,,,,,,,,,,,,,,,,,,,,,N,N,N,,N,N,,,N,N,,,227,,,0,,Keyword: AMERICAN HOMES 4 RENT
AJR,2021,227,227201,15,,922257,922257,,VARIOUS LOCATIONS  TX,N,PERSONAL PROPERTY COMMERCIAL AMERICAN HOMES 4 RENT LP ,,,N,,,,,0001Z,00001Z,0,0,N,,1.000000,2021,4,.000,1581934,L1,L1,283385,,,,,250478,N,N,N,,,,,1.00,,,,,,,,,,,,,,,,,,,,,,,N,N,N,,N,N,,,N,N,,,227,,,0,,Keyword: AMERICAN HOMES 4 RENT
AJR,2021,227,227201,40,,832769,832769,,VARIOUS LOCATIONS  TX,N,PERSONAL PROPERTY COMMERCIAL AMERICAN HOMES 4 RENT LP ,,,N,,,,,0001Z,00001Z,0,0,N,,1.000000,2021,4,.000,1581934,L1,L1,1581,,,,,1270,N,N,N,,,,,,,,,,,,,,,,,,,,,,,,,,,,N,N,N,,N,N,,,N,N,,,227,,,0,,Keyword: AMERICAN HOMES 4 RENT
AJR,2021,227,227202,40,,832764,832764,,VARIOUS LOCATIONS  TX,N,PERSONAL PROPERTY COMMERCIAL AMERICAN HOMES 4 RENT LP ,,,N,,,,,0001Z,00001Z,0,0,N,,1.000000,2021,4,.000,1581934,L1,L1,11242,,,,,14487,N,N,N,,,,,,,,,,,,,,,,,,,,,,,,,,,,N,N,N,,N,N,,,N,N,,,227,,,0,,Keyword: AMERICAN HOMES 4 RENT
AJR,2021,227,227202,40,,832766,832766,,VARIOUS LOCATIONS  TX,N,PERSONAL PROPERTY COMMERCIAL AMERICAN HOMES 4 RENT LP ,,,N,,,,,0001Z,00001Z,0,0,N,,1.000000,2021,4,.000,1581934,L1,L1,58112,,,,,72336,N,N,N,,,,,,,,,,,,,,,,,,,,,,,,,,,,N,N,N,,N,N,,,N,N,,,227,,,0,,Keyword: AMERICAN HOMES 4 RENT
AJR,2021,227,227202,40,,832767,832767,,VARIOUS LOCATIONS  TX,N,PERSONAL PROPERTY COMMERCIAL AMERICAN HOMES 4 RENT LP ,,,N,,,,,0001Z,00001Z,0,0,N,,1.000000,2021,4,.000,1581934,L1,L1,20280,,,,,22405,N,N,N,,,,,,,,,,,,,,,,,,,,,,,,,,,,N,N,N,,N,N,,,N,N,,,227,,,0,,Keyword: AMERICAN HOMES 4 RENT
AJR,2021,227,227202,40,,832768,832768,,VARIOUS LOCATIONS  TX,N,PERSONAL PROPERTY COMMERCIAL AMERICAN HOMES 4 RENT LP ,,,N,,,,,0001Z,00001Z,0,0,N,,1.000000,2021,4,.000,1581934,L1,L1,12992,,,,,13782,N,N,N,,,,,,,,,,,,,,,,,,,,,,,,,,,,N,N,N,,N,N,,,N,N,,,227,,,0,,Keyword: AMERICAN HOMES 4 RENT
AJR,2021,227,227202,40,,832774,832774,,VARIOUS LOCATIONS  TX,N,PERSONAL PROPERTY COMMERCIAL AMERICAN HOMES 4 RENT LP ,,,N,,,,,0001Z,00001Z,0,0,N,,1.000000,2021,4,.000,1581934,L1,L1,2905,,,,,2579,N,N,N,,,,,,,,,,,,,,,,,,,,,,,,,,,,N,N,N,,N,N,,,N,N,,,227,,,0,,Keyword: AMERICAN HOMES 4 RENT
AJR,2021,227,227205,40,,832751,832751,,VARIOUS LOCATIONS  TX,N,PERSONAL PROPERTY COMMERCIAL AMERICAN HOMES 4 RENT LP ,,,N,,,,,0001Z,00001Z,0,0,N,,1.000000,2021,4,.000,1581934,L1,L1,5279,,,,,6843,N,N,N,,,,,,,,,,,,,,,,,,,,,,,,,,,,N,N,N,,N,N,,,N,N,,,227,,,0,,Keyword: AMERICAN HOMES 4 RENT
AJR,2021,227,227205,40,,832759,832759,,VARIOUS LOCATIONS  TX,N,PERSONAL PROPERTY COMMERCIAL AMERICAN HOMES 4 RENT LP ,,,N,,,,,0001Z,00001Z,0,0,N,,1.000000,2021,4,.000,1581934,L1,L1,30842,,,,,37955,N,N,N,,,,,,,,,,,,,,,,,,,,,,,,,,,,N,N,N,,N,N,,,N,N,,,227,,,0,,Keyword: AMERICAN HOMES 4 RENT
AJR,2021,227,227205,40,,832765,832765,,VARIOUS LOCATIONS  TX,N,PERSONAL PROPERTY COMMERCIAL AMERICAN HOMES 4 RENT LP ,,,N,,,,,0001Z,00001Z,0,0,N,,1.000000,2021,4,.000,1581934,L1,L1,2009,,,,,1780,N,N,N,,,,,,,,,,,,,,,,,,,,,,,,,,,,N,N,N,,N,N,,,N,N,,,227,,,0,,Keyword: AMERICAN HOMES 4 RENT
AJR,2021,227,227207,40,,832763,832763,,VARIOUS LOCATIONS  TX,N,PERSONAL PROPERTY COMMERCIAL AMERICAN HOMES 4 RENT LP ,,,N,,,,,0001Z,00001Z,0,0,N,,1.000000,2021,4,.000,1581934,L1,L1,2905,,,,,2579,N,N,N,,,,,,,,,,,,,,,,,,,,,,,,,,,,N,N,N,,N,N,,,N,N,,,227,,,0,,Keyword: AMERICAN HOMES 4 RENT
AJR,2021,227,227208,19,,832763,832763,,VARIOUS LOCATIONS  TX,N,PERSONAL PROPERTY COMMERCIAL AMERICAN HOMES 4 RENT LP ,,,N,,,,,0001Z,00001Z,0,0,N,,1.000000,2021,4,.000,1581934,L1,L1,2905,,,,,2579,N,N,N,,,,,10.00,,,,,,,,,,,,,,,,,,,,,,,N,N,N,,N,N,,,N,N,,,227,,,0,,Keyword: AMERICAN HOMES 4 RENT
AJR,2021,227,227208,40,,832769,832769,,VARIOUS LOCATIONS  TX,N,PERSONAL PROPERTY COMMERCIAL AMERICAN HOMES 4 RENT LP ,,,N,,,,,0001Z,00001Z,0,0,N,,1.000000,2021,4,.000,1581934,L1,L1,1581,,,,,1270,N,N,N,,,,,,,,,,,,,,,,,,,,,,,,,,,,N,N,N,,N,N,,,N,N,,,227,,,0,,Keyword: AMERICAN HOMES 4 RENT
AJR,2021,227,227211,40,,832758,832758,,VARIOUS LOCATIONS  TX,N,PERSONAL PROPERTY COMMERICAL AMERICAN HOMES 4 RENT LP ,,,N,,,,,0001Z,00001Z,0,0,N,,1.000000,2021,4,.000,1581934,L1,L1,7288,,,,,8623,N,N,N,,,,,,,,,,,,,,,,,,,,,,,,,,,,N,N,N,,N,N,,,N,N,,,227,,,0,,Keyword: AMERICAN HOMES 4 RENT
AJR,2021,227,227211,40,,922257,922257,,VARIOUS LOCATIONS  TX,N,PERSONAL PROPERTY COMMERCIAL AMERICAN HOMES 4 RENT LP ,,,N,,,,,0001Z,00001Z,0,0,N,,1.000000,2021,4,.000,1581934,L1,L1,283385,,,,,250478,N,N,N,,,,,,,,,,,,,,,,,,,,,,,,,,,,N,N,N,,N,N,,,N,N,,,227,,,0,,Keyword: AMERICAN HOMES 4 RENT
AJR,2021,227,227212,40,,832757,832757,,VARIOUS LOCATIONS  TX,N,PERSONAL PROPERTY COMMERCIAL AMERICAN HOMES 4 RENT LP ,,,N,,,,,0001Z,00001Z,0,0,N,,1.000000,2021,4,.000,1581934,L1,L1,63942,,,,,73975,N,N,N,,,,,,,,,,,,,,,,,,,,,,,,,,,,N,N,N,,N,N,,,N,N,,,227,,,0,,Keyword: AMERICAN HOMES 4 RENT
AJR,2021,227,227212,40,,832760,832760,,VARIOUS LOCATIONS  TX,N,PERSONAL PROPERTY COMMERCIAL AMERICAN HOMES 4 RENT LP ,,,N,,,,,0001Z,00001Z,0,0,N,,1.000000,2021,4,.000,1581934,L1,L1,3593,,,,,5244,N,N,N,,,,,,,,,,,,,,,,,,,,,,,,,,,,N,N,N,,N,N,,,N,N,,,227,,,0,,Keyword: AMERICAN HOMES 4 RENT
AJR,2021,227,227212,40,,832770,832770,,VARIOUS LOCATIONS  TX,N,PERSONAL PROPERTY COMMERCIAL AMERICAN HOMES 4 RENT LP ,,,N,,,,,0001Z,00001Z,0,0,N,,1.000000,2021,4,.000,1581934,L1,L1,8507,,,,,6319,N,N,N,,,,,,,,,,,,,,,,,,,,,,,,,,,,N,N,N,,N,N,,,N,N,,,227,,,0,,Keyword: AMERICAN HOMES 4 RENT
AJR,2021,227,227212,40,,832775,832775,,VARIOUS LOCATIONS  TX,N,PERSONAL PROPERTY COMMERCIAL AMERICAN HOMES 4 RENT LP ,,,N,,,,,0001Z,00001Z,0,0,N,,1.000000,2021,4,.000,1581934,L1,L1,2905,,,,,2579,N,N,N,,,,,,,,,,,,,,,,,,,,,,,,,,,,N,N,N,,N,N,,,N,N,,,227,,,0,,Keyword: AMERICAN HOMES 4 RENT
AJR,2021,227,227212,40,,832776,832776,,VARIOUS LOCATIONS  TX,N,PERSONAL PROPERTY COMMERCIAL AMERICAN HOMES 4 RENT LP ,,,N,,,,,0001Z,00001Z,0,0,N,,1.000000,2021,4,.000,1581934,L1,L1,13319,,,,,15827,N,N,N,,,,,,,,,,,,,,,,,,,,,,,,,,,,N,N,N,,N,N,,,N,N,,,227,,,0,,Keyword: AMERICAN HOMES 4 RENT
AJR,2021,227,227212,40,,832777,832777,,VARIOUS LOCATIONS  TX,N,PERSONAL PROPERTY COMMERCIAL AMERICAN HOMES 4 RENT LP ,,,N,,,,,0001Z,00001Z,0,0,N,,1.000000,2021,4,.000,1581934,L1,L1,2310,,,,,6568,N,N,N,,,,,,,,,,,,,,,,,,,,,,,,,,,,N,N,N,,N,N,,,N,N,,,227,,,0,,Keyword: AMERICAN HOMES 4 RENT
AJR,2021,227,227214,19,,832763,832763,,VARIOUS LOCATIONS  TX,N,PERSONAL PROPERTY COMMERCIAL AMERICAN HOMES 4 RENT LP ,,,N,,,,,0001Z,00001Z,0,0,N,,1.000000,2021,4,.000,1581934,L1,L1,2905,,,,,2579,N,N,N,,,,,,,,,,,,,,,,,,,,,,,,,,,,N,N,N,,N,N,,,N,N,,,227,,,0,,Keyword: AMERICAN HOMES 4 RENT
AJR,2021,227,227215,19,,832768,832768,,VARIOUS LOCATIONS  TX,N,PERSONAL PROPERTY COMMERCIAL AMERICAN HOMES 4 RENT LP ,,,N,,,,,0001Z,00001Z,0,0,N,,1.000000,2021,4,.000,1581934,L1,L1,3164,,,,,5064,N,N,N,,,,,,,,,,,,,,,,,,,,,,,,,,,,N,N,N,,N,N,,,N,N,,,227,,,0,,Keyword: AMERICAN HOMES 4 RENT
AJR,2021,227,227215,40,,922257,922257,,VARIOUS LOCATIONS  TX,N,PERSONAL PROPERTY COMMERCIAL AMERICAN HOMES 4 RENT LP ,,,N,,,,,0001Z,00001Z,0,0,N,,1.000000,2021,4,.000,1581934,L1,L1,283385,,,,,250478,N,N,N,,,,,,,,,,,,,,,,,,,,,,,,,,,,N,N,N,,N,N,,,N,N,,,227,,,0,,Keyword: AMERICAN HOMES 4 RENT
AJR,2021,227,227224,19,,832768,832768,,VARIOUS LOCATIONS  TX,N,PERSONAL PROPERTY COMMERCIAL AMERICAN HOMES 4 RENT LP ,,,N,,,,,0001Z,00001Z,0,0,N,,1.000000,2021,4,.000,1581934,L1,L1,2009,,,,,1780,N,N,N,,,,,,,,,,,,,,,,,,,,,,,,,,,,N,N,N,,N,N,,,N,N,,,227,,,0,,Keyword: AMERICAN HOMES 4 RENT
AJR,2021,227,227225,04,,832767,832767,,VARIOUS LOCATIONS  TX,N,PERSONAL PROPERTY COMMERCIAL AMERICAN HOMES 4 RENT LP ,,,N,,,,,0001Z,00001Z,0,0,N,,1.000000,2021,4,.000,1581934,L1,L1,20280,,,,,22405,N,N,N,,,,,5.00,,,,,,,,,,,,,,,,,,,,,,,N,N,N,,N,N,,,N,N,,,227,,,0,,Keyword: AMERICAN HOMES 4 RENT
AJR,2021,227,227226,04,,832758,832758,,VARIOUS LOCATIONS  TX,N,PERSONAL PROPERTY COMMERICAL AMERICAN HOMES 4 RENT LP ,,,N,,,,,0001Z,00001Z,0,0,N,,1.000000,2021,4,.000,1581934,L1,L1,7288,,,,,8623,N,N,N,,,,,,,,,,,,,,,,,,,,,,,,,,,,N,N,N,,N,N,,,N,N,,,227,,,0,,Keyword: AMERICAN HOMES 4 RENT
AJR,2021,227,227233,04,,832774,832774,,VARIOUS LOCATIONS  TX,N,PERSONAL PROPERTY COMMERCIAL AMERICAN HOMES 4 RENT LP ,,,N,,,,,0001Z,00001Z,0,0,N,,1.000000,2021,4,.000,1581934,L1,L1,2905,,,,,2579,N,N,N,,,,,20.00,,,,,,,,,,,,,,,,,,,,,,,N,N,N,,N,N,,,N,N,,,227,,,0,,Keyword: AMERICAN HOMES 4 RENT
AJR,2021,227,227252,04,,832775,832775,,VARIOUS LOCATIONS  TX,N,PERSONAL PROPERTY COMMERCIAL AMERICAN HOMES 4 RENT LP ,,,N,,,,,0001Z,00001Z,0,0,N,,1.000000,2021,4,.000,1581934,L1,L1,2905,,,,,2579,N,N,N,,,,,,,,,,,,,,,,,,,,,,,,,,,,N,N,N,,N,N,,,N,N,,,227,,,0,,Keyword: AMERICAN HOMES 4 RENT
AJR,2021,227,227254,04,,832770,832770,,VARIOUS LOCATIONS  TX,N,PERSONAL PROPERTY COMMERCIAL AMERICAN HOMES 4 RENT LP ,,,N,,,,,0001Z,00001Z,0,0,N,,1.000000,2021,4,.000,1581934,L1,L1,8507,,,,,6319,N,N,N,,,,,,,,,,,,,,,,,,,,,,,,,,,,N,N,N,,N,N,,,N,N,,,227,,,0,,Keyword: AMERICAN HOMES 4 RENT
AJR,2021,227,227255,04,,832766,832766,,VARIOUS LOCATIONS  TX,N,PERSONAL PROPERTY COMMERCIAL AMERICAN HOMES 4 RENT LP ,,,N,,,,,0001Z,00001Z,0,0,N,,1.000000,2021,4,.000,1581934,L1,L1,1155,,,,,3284,N,N,N,,,,,,,,,,,,,,,,,,,,,,,,,,,,N,N,N,,N,N,,,N,N,,,227,,,0,,Keyword: AMERICAN HOMES 4 RENT
AJR,2021,227,227256,04,,832771,832771,,VARIOUS LOCATIONS  TX,N,PERSONAL PROPERTY COMMERCIAL AMERICAN HOMES 4 RENT L ,,,N,,,,,0001Z,00001Z,0,0,N,,1.000000,2021,4,.000,1581934,L1,L1,9275,,,,,15010,N,N,N,,,,,,,,,,,,,,,,,,,,,,,,,,,,N,N,N,,N,N,,,N,N,,,227,,,0,,Keyword: AMERICAN HOMES 4 RENT
AJR,2021,227,227257,04,,832777,832777,,VARIOUS LOCATIONS  TX,N,PERSONAL PROPERTY COMMERCIAL AMERICAN HOMES 4 RENT LP ,,,N,,,,,0001Z,00001Z,0,0,N,,1.000000,2021,4,.000,1581934,L1,L1,2310,,,,,6568,N,N,N,,,,,,,,,,,,,,,,,,,,,,,,,,,,N,N,N,,N,N,,,N,N,,,227,,,0,,Keyword: AMERICAN HOMES 4 RENT
AJR,2021,227,227266,04,,832757,832757,,VARIOUS LOCATIONS  TX,N,PERSONAL PROPERTY COMMERCIAL AMERICAN HOMES 4 RENT LP ,,,N,,,,,0001Z,00001Z,0,0,N,,1.000000,2021,4,.000,1581934,L1,L1,44630,,,,,37824,N,N,N,,,,,,,,,,,,,,,,,,,,,,,,,,,,N,N,N,,N,N,,,N,N,,,227,,,0,,Keyword: AMERICAN HOMES 4 RENT
AJR,2021,227,227901,02,,832750,832750,,VARIOUS LOCATIONS  TX,N,PERSONAL PROPERTY COMMERCIAL AMERICAN HOMES 4 RENT LP ,,,N,,,,,0001Z,00001Z,0,0,N,,1.000000,2021,4,.000,1581934,L1,L1,77962,,,,,74903,N,N,N,,,,,,,,,,,,,,,,,,,,,,,,,,,,N,N,N,,N,N,,,N,N,,,227,,,0,,Keyword: AMERICAN HOMES 4 RENT
AJR,2021,227,227901,02,,832751,832751,,VARIOUS LOCATIONS  TX,N,PERSONAL PROPERTY COMMERCIAL AMERICAN HOMES 4 RENT LP ,,,N,,,,,0001Z,00001Z,0,0,N,,1.000000,2021,4,.000,1581934,L1,L1,5279,,,,,6843,N,N,N,,,,,,,,,,,,,,,,,,,,,,,,,,,,N,N,N,,N,N,,,N,N,,,227,,,0,,Keyword: AMERICAN HOMES 4 RENT
AJR,2021,227,227904,02,,832753,832753,,VARIOUS LOCATIONS  TX,N,PERSONAL PROPERTY COMMERCIAL AMERICAN HOMES 4 RENT LP ,,,N,,,,,0001Z,00001Z,0,0,N,,1.000000,2021,4,.000,1581934,L1,L1,1155,,,,,3284,N,N,N,,,,,,,,,,,,,,,,,,,,,,,,,,,,N,N,N,,N,N,,,N,N,,,227,,,0,,Keyword: AMERICAN HOMES 4 RENT
AJR,2021,227,227904,02,,832764,832764,,VARIOUS LOCATIONS  TX,N,PERSONAL PROPERTY COMMERCIAL AMERICAN HOMES 4 RENT LP ,,,N,,,,,0001Z,00001Z,0,0,N,,1.000000,2021,4,.000,1581934,L1,L1,11242,,,,,14487,N,N,N,,,,,,,,,,,,,,,,,,,,,,,,,,,,N,N,N,,N,N,,,N,N,,,227,,,0,,Keyword: AMERICAN HOMES 4 RENT
AJR,2021,227,227904,02,,832766,832766,,VARIOUS LOCATIONS  TX,N,PERSONAL PROPERTY COMMERCIAL AMERICAN HOMES 4 RENT LP ,,,N,,,,,0001Z,00001Z,0,0,N,,1.000000,2021,4,.000,1581934,L1,L1,58112,,,,,72336,N,N,N,,,,,,,,,,,,,,,,,,,,,,,,,,,,N,N,N,,N,N,,,N,N,,,227,,,0,,Keyword: AMERICAN HOMES 4 RENT
AJR,2021,227,227904,02,,832767,832767,,VARIOUS LOCATIONS  TX,N,PERSONAL PROPERTY COMMERCIAL AMERICAN HOMES 4 RENT LP ,,,N,,,,,0001Z,00001Z,0,0,N,,1.000000,2021,4,.000,1581934,L1,L1,20280,,,,,22405,N,N,N,,,,,,,,,,,,,,,,,,,,,,,,,,,,N,N,N,,N,N,,,N,N,,,227,,,0,,Keyword: AMERICAN HOMES 4 RENT
AJR,2021,227,227904,02,,832768,832768,,VARIOUS LOCATIONS  TX,N,PERSONAL PROPERTY COMMERCIAL AMERICAN HOMES 4 RENT LP ,,,N,,,,,0001Z,00001Z,0,0,N,,1.000000,2021,4,.000,1581934,L1,L1,12992,,,,,13782,N,N,N,,,,,,,,,,,,,,,,,,,,,,,,,,,,N,N,N,,N,N,,,N,N,,,227,,,0,,Keyword: AMERICAN HOMES 4 RENT
AJR,2021,227,227907,02,,832754,832754,,VARIOUS LOCATIONS  TX,N,PERSONAL PROPERTY COMMERCIAL AMERICAN HOMES 4 RENT LP ,,,N,,,,,0001Z,00001Z,0,0,N,,1.000000,2021,4,.000,1581934,L1,L1,20687,,,,,27192,N,N,N,,,,,,,,,,,,,,,,,,,,,,,,,,,,N,N,N,,N,N,,,N,N,,,227,,,0,,Keyword: AMERICAN HOMES 4 RENT
AJR,2021,227,227907,02,,832757,832757,,VARIOUS LOCATIONS  TX,N,PERSONAL PROPERTY COMMERCIAL AMERICAN HOMES 4 RENT LP ,,,N,,,,,0001Z,00001Z,0,0,N,,1.000000,2021,4,.000,1581934,L1,L1,63942,,,,,73975,N,N,N,,,,,,,,,,,,,,,,,,,,,,,,,,,,N,N,N,,N,N,,,N,N,,,227,,,0,,Keyword: AMERICAN HOMES 4 RENT
AJR,2021,227,227907,02,,832765,832765,,VARIOUS LOCATIONS  TX,N,PERSONAL PROPERTY COMMERCIAL AMERICAN HOMES 4 RENT LP ,,,N,,,,,0001Z,00001Z,0,0,N,,1.000000,2021,4,.000,1581934,L1,L1,2009,,,,,1780,N,N,N,,,,,,,,,,,,,,,,,,,,,,,,,,,,N,N,N,,N,N,,,N,N,,,227,,,0,,Keyword: AMERICAN HOMES 4 RENT
AJR,2021,227,227907,02,,832770,832770,,VARIOUS LOCATIONS  TX,N,PERSONAL PROPERTY COMMERCIAL AMERICAN HOMES 4 RENT LP ,,,N,,,,,0001Z,00001Z,0,0,N,,1.000000,2021,4,.000,1581934,L1,L1,8507,,,,,6319,N,N,N,,,,,,,,,,,,,,,,,,,,,,,,,,,,N,N,N,,N,N,,,N,N,,,227,,,0,,Keyword: AMERICAN HOMES 4 RENT
AJR,2021,227,227907,02,,832775,832775,,VARIOUS LOCATIONS  TX,N,PERSONAL PROPERTY COMMERCIAL AMERICAN HOMES 4 RENT LP ,,,N,,,,,0001Z,00001Z,0,0,N,,1.000000,2021,4,.000,1581934,L1,L1,2905,,,,,2579,N,N,N,,,,,,,,,,,,,,,,,,,,,,,,,,,,N,N,N,,N,N,,,N,N,,,227,,,0,,Keyword: AMERICAN HOMES 4 RENT
AJR,2021,227,227907,02,,832776,832776,,VARIOUS LOCATIONS  TX,N,PERSONAL PROPERTY COMMERCIAL AMERICAN HOMES 4 RENT LP ,,,N,,,,,0001Z,00001Z,0,0,N,,1.000000,2021,4,.000,1581934,L1,L1,13319,,,,,15827,N,N,N,,,,,,,,,,,,,,,,,,,,,,,,,,,,N,N,N,,N,N,,,N,N,,,227,,,0,,Keyword: AMERICAN HOMES 4 RENT
AJR,2021,227,227907,02,,832777,832777,,VARIOUS LOCATIONS  TX,N,PERSONAL PROPERTY COMMERCIAL AMERICAN HOMES 4 RENT LP ,,,N,,,,,0001Z,00001Z,0,0,N,,1.000000,2021,4,.000,1581934,L1,L1,2310,,,,,6568,N,N,N,,,,,,,,,,,,,,,,,,,,,,,,,,,,N,N,N,,N,N,,,N,N,,,227,,,0,,Keyword: AMERICAN HOMES 4 RENT
AJR,2021,227,227909,02,,829188,829188,,5001 PLAZA ON THE LAKE 200 TX 78746,N,PERSONAL PROPERTY COMMERCIAL MAIN STREET RENEWAL LLC ,,,N,,,,,6531,653100,0,0,N,,1.000000,2021,4,.000,1574870,L1,,,,,,,838354,N,N,N,,,,,,,,,,,,,,,,,,,,,,,,,,,,N,N,N,,N,N,,,N,N,,,227,,,0,,Keyword: MAIN STREET RENEWAL
AJR,2021,227,227910,02,,832752,832752,,VARIOUS LOCATIONS  TX,N,PERSONAL PROPERTY COMMERCIAL AMERICAN HOMES 4 RENT LP ,,,N,,,,,0001Z,00001Z,0,0,N,,1.000000,2021,4,.000,1581934,L1,L1,46956,,,,,54498,N,N,N,,,,,,,,,,,,,,,,,,,,,,,,,,,,N,N,N,,N,N,,,N,N,,,227,,,0,,Keyword: AMERICAN HOMES 4 RENT
AJR,2021,227,227910,02,,832758,832758,,VARIOUS LOCATIONS  TX,N,PERSONAL PROPERTY COMMERICAL AMERICAN HOMES 4 RENT LP ,,,N,,,,,0001Z,00001Z,0,0,N,,1.000000,2021,4,.000,1581934,L1,L1,7288,,,,,8623,N,N,N,,,,,,,,,,,,,,,,,,,,,,,,,,,,N,N,N,,N,N,,,N,N,,,227,,,0,,Keyword: AMERICAN HOMES 4 RENT
AJR,2021,227,227910,02,,832759,832759,,VARIOUS LOCATIONS  TX,N,PERSONAL PROPERTY COMMERCIAL AMERICAN HOMES 4 RENT LP ,,,N,,,,,0001Z,00001Z,0,0,N,,1.000000,2021,4,.000,1581934,L1,L1,30842,,,,,37955,N,N,N,,,,,,,,,,,,,,,,,,,,,,,,,,,,N,N,N,,N,N,,,N,N,,,227,,,0,,Keyword: AMERICAN HOMES 4 RENT
AJR,2021,227,227910,02,,832760,832760,,VARIOUS LOCATIONS  TX,N,PERSONAL PROPERTY COMMERCIAL AMERICAN HOMES 4 RENT LP ,,,N,,,,,0001Z,00001Z,0,0,N,,1.000000,2021,4,.000,1581934,L1,L1,3593,,,,,5244,N,N,N,,,,,,,,,,,,,,,,,,,,,,,,,,,,N,N,N,,N,N,,,N,N,,,227,,,0,,Keyword: AMERICAN HOMES 4 RENT
AJR,2021,227,227910,02,,922257,922257,,VARIOUS LOCATIONS  TX,N,PERSONAL PROPERTY COMMERCIAL AMERICAN HOMES 4 RENT LP ,,,N,,,,,0001Z,00001Z,0,0,N,,1.000000,2021,4,.000,1581934,L1,L1,283385,,,,,250478,N,N,N,,,,,,,,,,,,,,,,,,,,,,,,,,,,N,N,N,,N,N,,,N,N,,,227,,,0,,Keyword: AMERICAN HOMES 4 RENT
AJR,2021,227,227912,02,,832769,832769,,VARIOUS LOCATIONS  TX,N,PERSONAL PROPERTY COMMERCIAL AMERICAN HOMES 4 RENT LP ,,,N,,,,,0001Z,00001Z,0,0,N,,1.000000,2021,4,.000,1581934,L1,L1,1581,,,,,1270,N,N,N,,,,,20.00,,,,,,,,,,,,,,,,,,,,,,,N,N,N,,N,N,,,N,N,,,227,,,0,,Keyword: AMERICAN HOMES 4 RENT
AJR,2021,227,246909,02,,832774,832774,,VARIOUS LOCATIONS  TX,N,PERSONAL PROPERTY COMMERCIAL AMERICAN HOMES 4 RENT LP ,,,N,,,,,0001Z,00001Z,0,0,N,,1.000000,2021,4,.000,1581934,L1,L1,2905,,,,,2579,N,N,N,,,,,,,,,,,,,,,,,,,,,,,,,,,,N,N,N,,N,N,,,N,N,,,227,,,0,,Keyword: AMERICAN HOMES 4 RENT
AJR,2021,227,246913,02,,832763,832763,,VARIOUS LOCATIONS  TX,N,PERSONAL PROPERTY COMMERCIAL AMERICAN HOMES 4 RENT LP ,,,N,,,,,0001Z,00001Z,0,0,N,,1.000000,2021,4,.000,1581934,L1,L1,2905,,,,,2579,N,N,N,,,,,,,,,,,,,,,,,,,,,,,,,,,,N,N,N,,N,N,,,N,N,,,227,,,0,,Keyword: AMERICAN HOMES 4 RENT
