Property_ID,Owner_Name,Mailing_Address,Property_Address,Match_Reason
100012    0202500000000,SOUTH LAMAR VENTURE LLC F000000000000,% BLACKROCK REALTY ADVISORS JENNIFER FREEDMAN 400 HOWARD ST SAN FRANCISCO CA 941052618 F,Y S LAMAR B,Keyword: BLACKROCK
192427    0202500000000,GUTHRIE PROPERTY OWNER LP F000000000000,C/O BLACKROCK REATY ADVISORS INC 50 HUDSON YARDS FL 8 NEW YORK NY 100012180 F,Y GONZALES S,Keyword: BLACKROCK
230568    0202500000000,CHALFANT REALTY ADVISORS LLC F000000000000,7912 CRANDALL RD AUSTIN TX 787391910 F,Y MCKIE C,Keyword: % REALTY ADVISORS
233162    0202500000000,AMERICAN HOMES 4 RENT F000000000000,ATTN : PROPERTY TAX DEPT 23975 PARK SORRENTO STE 300 CALABASAS CA 913024012 F,Y COPPERMEAD L,Keyword: AMERICAN HOMES 4 RENT
280753    0202500000000,PROGRESS RESIDENTIAL BORROWER 19 LLC F000000000000,PO BOX 4090 SCOTTSDALE AZ 852614090 F,Y VALLEY GLEN R,Keyword: PROGRESS RESIDENTIAL
280826    0202500000000,AMERICAN HOMES 4 RENT PROPERTIES TWO LLC F000000000000,280 PILOT RD STE 200-AM LAS VEGAS NV 891193532 F,Y BETTERMAN D,Keyword: AMERICAN HOMES 4 RENT
281121    0202500000000,AMERICAN HOMES 4 RENT PROPERTIES TWO LLC F000000000000,280 PILOT RD STE 200-AM LAS VEGAS NV 891193532 F,Y GNU GAP,Keyword: AMERICAN HOMES 4 RENT
281173    0202500000000,AMERICAN HOMES 4 RENT PROPERTIES TWO LLC F000000000000,280 PILOT RD STE 200-AM LAS VEGAS NV 891193532 F,Y JIGSAW PATHWAY,Keyword: AMERICAN HOMES 4 RENT
284000    0202500000000,PROGRESS RESIDENTIAL BORROWER 19 LLC F000000000000,PO BOX 4090 SCOTTSDALE AZ 852614090 F,Y FALLENASH D,Keyword: PROGRESS RESIDENTIAL
285801    0202500000000,AMERICAN HOMES 4 RENT PROPERTIES EIGHT LLC F000000000000,ATTN : PROPERTY TAX DEPT 23975 PARK SORRENTO STE 300 CALABASAS CA 913024012 F,Y VARRELMAN S,Keyword: AMERICAN HOMES 4 RENT
287161    0202500000000,AMERICAN HOMES 4 RENT F000000000000,ATTN : PROPERTY TAX DEPT 23975 PARK SORRENTO STE 300 CALABASAS CA 913024012 F,Y PEVETOE S,Keyword: AMERICAN HOMES 4 RENT
294185    0202500000000,PROGRESS RESIDENTIAL BORROWER 20 LLC F000000000000,PO BOX 4090 SCOTTSDALE AZ 852614090 F,Y SOUTH HEARSEY D,Keyword: PROGRESS RESIDENTIAL
376955    0202500000000,AMERICAN HOMES 4 RENT PROPERTIES EIGHT LLC F000000000000,ATTN : PROPERTY TAX DEPT 23975 PARK SORRENTO STE 300 CALABASAS CA 913024012 F,Y PERLITA D,Keyword: AMERICAN HOMES 4 RENT
377038    0202500000000,AMERICAN HOMES 4 RENT F000000000000,ATTN : PROPERTY TAX DEPT 23975 PARK SORRENTO STE 300 CALABASAS CA 913024012 F,Y SEVILLE D,Keyword: AMERICAN HOMES 4 RENT
379606    0202500000000,PROGRESS RESIDENTIAL BORROWER 23 LLC F000000000000,PO BOX 4090 SCOTTSDALE AZ 852614090 F,Y TORTOISE S,Keyword: PROGRESS RESIDENTIAL
379732    0202500000000,PROGRESS RESIDENTIAL BORROWER 19 LLC F000000000000,PO BOX 4090 SCOTTSDALE AZ 852614090 F,Y BUSHMILLS C,Keyword: PROGRESS RESIDENTIAL
379847    0202500000000,AMERICAN HOMES 4 RENT PROPERTIES EIGHT LLC F000000000000,ATTN : PROPERTY TAX DEPT 23975 PARK SORRENTO STE 300 CALABASAS CA 913024012 F,Y PICADILLY D,Keyword: AMERICAN HOMES 4 RENT
384596P    0202500000000,HILLTOP SECURITIES INC F000000000000,325 N ST PAUL ST DALLAS TX 75201 F,Y VIA FORTUNA,Mailing: 75201
402164P    0202500000000,PHOENIX HOUSES OF TEXAS INC F000000000000,PHOENIX ACADEMY 2301 N AKARD ST STE 301 DALLAS TX 75201 F,Y W LIVE OAK S,Mailing: 75201
428485    0202500000000,AMERICAN HOMES 4 RENT PROPERTIES TWO LLC F000000000000,280 PILOT RD STE 200-AM LAS VEGAS NV 891193532 F,Y LIFFEY D,Keyword: AMERICAN HOMES 4 RENT
428592    0202500000000,PROGRESS RESIDENTIAL BORROWER 19 LLC F000000000000,PO BOX 4090 SCOTTSDALE AZ 852614090 F,Y BISHOPSGATE D,Keyword: PROGRESS RESIDENTIAL
430896    0202500000000,AMERICAN HOMES 4 RENT PROPERTIES TWO LLC F000000000000,280 PILOT RD STE 200-AM LAS VEGAS NV 891193532 F,Y COATS C,Keyword: AMERICAN HOMES 4 RENT
445260    0202500000000,AH4R I TX LLC F000000000000,30601 AGOURA HILLS STE 200 AGOURA HILLS CA 913012148 F,Y GRENER C,Keyword: AH4R
445553    0202500000000,PROGRESS RESIDENTIAL BORROWER 19 LLC F000000000000,PO BOX 4090 SCOTTSDALE AZ 852614090 F,Y DERBY DAY A,Keyword: PROGRESS RESIDENTIAL
462977    0202500000000,AMERICAN HOMES 4 RENT PROPERTIES TWO LLC F000000000000,280 PILOT RD STE 200-AM LAS VEGAS NV 891193532 F,Y VINCENT P,Keyword: AMERICAN HOMES 4 RENT
463073    0202500000000,PROGRESS RESIDENTIAL BORROWER 19 LLC F000000000000,PO BOX 4090 SCOTTSDALE AZ 852614090 F,Y SARAHS CREEK D,Keyword: PROGRESS RESIDENTIAL
463107    0202500000000,AH4R PROPERTIES LLC F000000000000,ATTN : PROPERTY TAX DEPT 23975 PARK SORRENTO STE 300 CALABASAS CA 913024012 F,Y MISS ALLISONS W,Keyword: AH4R
482253    0202500000000,PROGRESS RESIDENTIAL BORROWER 23 LLC F000000000000,PO BOX 4090 SCOTTSDALE AZ 852614090 F,Y BALMORHEA C,Keyword: PROGRESS RESIDENTIAL
506220    0202500000000,PROGRESS RESIDENTIAL BORROWER 19 LLC F000000000000,PO BOX 4090 SCOTTSDALE AZ 852614090 F,Y MISS ALLISONS W,Keyword: PROGRESS RESIDENTIAL
507214    0202500000000,AH4R I TX LLC F000000000000,SUITE 200 30601 AGOURA RD AGOURA HILLS CA 913012148 F,Y CANDELARIA MESA D,Keyword: AH4R
507638    0202500000000,AMERICAN HOMES 4 RENT PROPERTIES EIGHT LLC F000000000000,ATTN : PROPERTY TAX DEPT 23975 PARK SORRENTO STE 300 CALABASAS CA 913024012 F,Y SPEIDEL D,Keyword: AMERICAN HOMES 4 RENT
508252    0202500000000,AMERICAN HOMES 4 RENT PROPERTIES TWO LLC F000000000000,280 PILOT RD STE 200-AM LAS VEGAS NV 891193532 F,Y MARBLE RIDGE D,Keyword: AMERICAN HOMES 4 RENT
528574    0202500000000,AMERICAN HOMES 4 RENT F000000000000,ATTN : PROPERTY TAX DEPT 23975 PARK SORRENTO STE 300 CALABASAS CA 913024012 F,Y STEVENAGE D,Keyword: AMERICAN HOMES 4 RENT
529800    0202500000000,GONZALEZ JONATHAN MATTHEW & SUGELY F000000000000,2221 PLAINFIELD CT PFLUGERVILLE TX 786605083 F,Y PLAINFIELD C,Keyword: AMERICAN HOMES 4 RENT
530104    0202500000000,AMERICAN HOMES 4 RENT F000000000000,ATTN : PROPERTY TAX DEPT 23975 PARK SORRENTO STE 300 CALABASAS CA 913024012 F,Y HIGHSMITH S,Keyword: AMERICAN HOMES 4 RENT
530109    0202500000000,AMERICAN HOMES 4 RENT F000000000000,ATTN : PROPERTY TAX DEPT 23975 PARK SORRENTO STE 300 CALABASAS CA 913024012 F,Y HIGHSMITH S,Keyword: AMERICAN HOMES 4 RENT
530457    0202500000000,AMERICAN HOMES 4 RENT F000000000000,ATTN : PROPERTY TAX DEPT 23975 PARK SORRENTO STE 300 CALABASAS CA 913024012 F,Y MATHRA D,Keyword: AMERICAN HOMES 4 RENT
530467    0202500000000,AH4R I TX LLC F000000000000,30601 AGOURA HILLS STE 200 AGOURA HILLS CA 913012148 F,Y MATHRA D,Keyword: AH4R
530743    0202500000000,AMERICAN HOMES 4 RENT PROPERTIES EIGHT LLC F000000000000,ATTN : PROPERTY TAX DEPT 23975 PARK SORRENTO STE 300 CALABASAS CA 913024012 F,Y VIZQUEL LOOP,Keyword: AMERICAN HOMES 4 RENT
530972    0202500000000,AMERICAN HOMES 4 RENT PROPERTIES EIGHT LLC F000000000000,ATTN : PROPERTY TAX DEPT 23975 PARK SORRENTO STE 300 CALABASAS CA 913024012 F,Y ALYSHEBA D,Keyword: AMERICAN HOMES 4 RENT
530978    0202500000000,AMERICAN HOMES 4 RENT F000000000000,ATTN : PROPERTY TAX DEPT 23975 PARK SORRENTO STE 300 CALABASAS CA 913024012 F,Y ALYSHEBA D,Keyword: AMERICAN HOMES 4 RENT
536809P    0202500000000,SEPHORA USA INC F000000000000,ATTN: ACCOUNTING 350 MISSION ST #7 SAN FRANCISCO CA 94105 F,Y GREAT HILLS T,Mailing: 94105
546715    0202500000000,AMERICAN HOMES 4 RENT F000000000000,ATTN : PROPERTY TAX DEPT 23975 PARK SORRENTO STE 300 CALABASAS CA 913024012 F,Y HAMILTON POINT C,Keyword: AMERICAN HOMES 4 RENT
548880    0202500000000,AMERICAN HOMES 4 RENT PROPERTIES TWO LLC F000000000000,280 PILOT RD STE 200-AM LAS VEGAS NV 891193532 F,Y GREY CASTLE D,Keyword: AMERICAN HOMES 4 RENT
550989    0202500000000,PROGRESS RESIDENTIAL BORROWER 23 LLC F000000000000,PO BOX 4090 SCOTTSDALE AZ 852614090 F,Y SAN CHISOLM D,Keyword: PROGRESS RESIDENTIAL
552428    0202500000000,PROGRESS RESIDENTIAL BORROWER 19 LLC F000000000000,PO BOX 4090 SCOTTSDALE AZ 852614090 F,Y EUDORA L,Keyword: PROGRESS RESIDENTIAL
552605    0202500000000,AH4R I TX LLC F000000000000,22917 PACIFIC COAST HWY STE 300 MALIBU CA 902656415 F,Y QUINTON D,Keyword: AH4R
567483    0202500000000,PROGRESS RESIDENTIAL BORROWER 24 LL F000000000000,PO BOX 4090 SCOTTSDALE AZ 852614090 F,Y HUNGRY HORSE D,Keyword: PROGRESS RESIDENTIAL
568310    0202500000000,AH4R PROPERTIES TWO LLC F000000000000,23975 PARK SORRENTO STE 300 CALABASAS CA 913024012 F,Y GALLANT S,Keyword: AH4R
568748    0202500000000,AMERICAN HOMES 4 RENT LP F000000000000,STE 200-AM 280 PILOT RD LAS VEGAS NV 891193532 F,Y PRINCE PHILLIP W,Keyword: AMERICAN HOMES 4 RENT
571658    0202500000000,PROGRESS RESIDENTIAL BORROWER 19 LLC F000000000000,PO BOX 4090 SCOTTSDALE AZ 852614090 F,Y TAYLOR FALLS D,Keyword: PROGRESS RESIDENTIAL
572898    0202500000000,AMERICAN HOMES 4 RENT PROPERTIES TWO LLC F000000000000,280 PILOT RD STE 200-AM LAS VEGAS NV 891193532 F,Y CROWNOVER S,Keyword: AMERICAN HOMES 4 RENT
573714    0202500000000,AMERICAN HOMES 4 RENT PROPERTIES EIGHT LLC F000000000000,ATTN : PROPERTY TAX DEPT 23975 PARK SORRENTO STE 300 CALABASAS CA 913024012 F,Y DOYAL D,Keyword: AMERICAN HOMES 4 RENT
576301    0202500000000,AMERICAN HOMES 4 RENT PROPERTIES EIGHT LLC F000000000000,ATTN : PROPERTY TAX DEPT 23975 PARK SORRENTO STE 300 CALABASAS CA 913024012 F,Y BRENTS ELM D,Keyword: AMERICAN HOMES 4 RENT
576338    0202500000000,AMERICAN HOMES 4 RENT F000000000000,ATTN : PROPERTY TAX DEPT 23975 PARK SORRENTO STE 300 CALABASAS CA 913024012 F,Y ROWLANDS SAYLE R,Keyword: AMERICAN HOMES 4 RENT
576539    0202500000000,AH4R I TX LLC F000000000000,30601 AGOURA HILLS STE 200 AGOURA HILLS CA 913012148 F,Y ANAHUAC T,Keyword: AH4R
584468    0202500000000,AMERICAN HOMES 4 RENT PROPERTIES EIGHT LLC F000000000000,ATTN : PROPERTY TAX DEPT 23975 PARK SORRENTO STE 300 CALABASAS CA 913024012 F,Y NUTTALL D,Keyword: AMERICAN HOMES 4 RENT
587206    0202500000000,AMERICAN HOMES 4 RENT LP F000000000000,STE 200-AM 280 PILOT RD LAS VEGAS NV 891193532 F,Y ALOMAR C,Keyword: AMERICAN HOMES 4 RENT
587488    0202500000000,AMERICAN HOMES 4 RENT F000000000000,ATTN : PROPERTY TAX DEPT 23975 PARK SORRENTO STE 300 CALABASAS CA 913024012 F,Y NORWICH CASTLE D,Keyword: AMERICAN HOMES 4 RENT
700074    0202500000000,PROGRESS RESIDENTIAL BORROWER 24 LL F000000000000,PO BOX 4090 SCOTTSDALE AZ 852614090 F,Y BRIARCREEK L,Keyword: PROGRESS RESIDENTIAL
700978    0202500000000,AMERICAN HOMES 4 RENT F000000000000,ATTN : PROPERTY TAX DEPT 23975 PARK SORRENTO STE 300 CALABASAS CA 913024012 F,Y ALEPPO PINE T,Keyword: AMERICAN HOMES 4 RENT
702098    0202500000000,AMERICAN HOMES 4 RENT LP F000000000000,STE 200-AM 280 PILOT RD LAS VEGAS NV 891193532 F,Y SKY HARBOR D,Keyword: AMERICAN HOMES 4 RENT
702245    0202500000000,AMERICAN HOMES 4 RENT PROPERTIES TWO LLC F000000000000,280 PILOT RD STE 200-AM LAS VEGAS NV 891193532 F,Y WICKHAM L,Keyword: AMERICAN HOMES 4 RENT
710446    0202500000000,PROGRESS RESIDENTIAL BORROWER 19 LLC F000000000000,PO BOX 4090 SCOTTSDALE AZ 852614090 F,Y JAMIE D,Keyword: PROGRESS RESIDENTIAL
710467    0202500000000,AMERICAN HOMES 4 RENT LP F000000000000,STE 200-AM 280 PILOT RD LAS VEGAS NV 891193532 F,Y JOY LEE L,Keyword: AMERICAN HOMES 4 RENT
711141    0202500000000,AMERICAN HOMES 4 RENT PROPERTIES EIGHT LLC F000000000000,ATTN : PROPERTY TAX DEPT 23975 PARK SORRENTO STE 300 CALABASAS CA 913024012 F,Y ST MARY D,Keyword: AMERICAN HOMES 4 RENT
711178    0202500000000,AMERICAN HOMES 4 RENT F000000000000,ATTN : PROPERTY TAX DEPT 23975 PARK SORRENTO STE 300 CALABASAS CA 913024012 F,Y ST MARY D,Keyword: AMERICAN HOMES 4 RENT
713601    0202500000000,AMERICAN HOMES 4 RENT F000000000000,ATTN : PROPERTY TAX DEPT 23975 PARK SORRENTO STE 300 CALABASAS CA 913024012 F,Y WAYNESPUR L,Keyword: AMERICAN HOMES 4 RENT
718905    0202500000000,AMERICAN HOMES 4 RENT F000000000000,ATTN : PROPERTY TAX DEPT 23975 PARK SORRENTO STE 300 CALABASAS CA 913024012 F,Y RED TAILS D,Keyword: AMERICAN HOMES 4 RENT
718927    0202500000000,AMERICAN HOMES 4 RENT F000000000000,ATTN : PROPERTY TAX DEPT 23975 PARK SORRENTO STE 300 CALABASAS CA 913024012 F,Y NORDYKE L,Keyword: AMERICAN HOMES 4 RENT
719893    0202500000000,AH4R I TX LLC F000000000000,30601 AGOURA HILLS STE 200 AGOURA HILLS CA 913012148 F,Y PLAINS VALLEY D,Keyword: AH4R
719964    0202500000000,AMERICAN HOMES 4 RENT PROPERTIES EIGHT LLC F000000000000,ATTN : PROPERTY TAX DEPT 23975 PARK SORRENTO STE 300 CALABASAS CA 913024012 F,Y CAMPINA X,Keyword: AMERICAN HOMES 4 RENT
720374    0202500000000,AMERICAN HOMES 4 RENT PROPERTIES EIGHT LLC F000000000000,ATTN : PROPERTY TAX DEPT 23975 PARK SORRENTO STE 300 CALABASAS CA 913024012 F,Y PALOMA BLANCA W,Keyword: AMERICAN HOMES 4 RENT
720392    0202500000000,AMERICAN HOMES 4 RENT PROPERTIES TWO LLC F000000000000,280 PILOT RD STE 200-AM LAS VEGAS NV 891193532 F,Y PALOMA BLANCA W,Keyword: AMERICAN HOMES 4 RENT
731572    0202500000000,AMERICAN HOMES 4 RENT F000000000000,ATTN : PROPERTY TAX DEPT 23975 PARK SORRENTO STE 300 CALABASAS CA 913024012 F,Y DERBY DOWNS D,Keyword: AMERICAN HOMES 4 RENT
734537    0202500000000,AMERICAN HOMES 4 RENT F000000000000,ATTN : PROPERTY TAX DEPT 23975 PARK SORRENTO STE 300 CALABASAS CA 913024012 F,Y AUTUMN BAY D,Keyword: AMERICAN HOMES 4 RENT
738028P    0202500000000,SEPHORA USA INC F000000000000,ATTN: ACCOUNTING 350 MISSION ST #7 SAN FRANCISCO CA 94105 F,Y S CAPITAL OF TX HY,Mailing: 94105
752501    0202500000000,PROGRESS RESIDENTIAL BORROWER 19 LLC F000000000000,PO BOX 4090 SCOTTSDALE AZ 852614090 F,Y INDIGO SKY D,Keyword: PROGRESS RESIDENTIAL
752592    0202500000000,AMERICAN HOMES 4 RENT F000000000000,ATTN : PROPERTY TAX DEPT 23975 PARK SORRENTO STE 300 CALABASAS CA 913024012 F,Y BERRYLINE W,Keyword: AMERICAN HOMES 4 RENT
754338    0202500000000,AH4R I TX LLC F000000000000,30601 AGOURA HILLS STE 200 AGOURA HILLS CA 913012148 F,Y MERLIN FALCON T,Keyword: AH4R
758515    0202500000000,AMERICAN HOMES 4 RENT PROPERTIES TWO LLC F000000000000,280 PILOT RD STE 200-AM LAS VEGAS NV 891193532 F,Y PLAINS CREST D,Keyword: AMERICAN HOMES 4 RENT
775013    0202500000000,AMERICAN HOMES 4 RENT PROPERTIES EIGHT LLC F000000000000,ATTN : PROPERTY TAX DEPT 23975 PARK SORENTO STE 300 CALABASAS CA 913024012 F,Y ELARA D,Keyword: AMERICAN HOMES 4 RENT
775020    0202500000000,AMERICAN HOMES 4 RENT PROPERTIES EIGHT LLC F000000000000,ATTN : PROPERTY TAX DEPT 23975 PARK SORRENTO STE 300 CALABASAS CA 913024012 F,Y ELARA D,Keyword: AMERICAN HOMES 4 RENT
818209    0202500000000,SVF NORTHSHORE AUSTIN LP F000000000000,% AMERICAN REALTY ADVISORS 515 SOUTH FLOWER ST FLR 49 LOS ANGELES CA 900712201 F,Y SAN ANTONIO S,Keyword: % REALTY ADVISORS
821346    0202500000000,PROGRESS RESIDENTIAL BORROWER 19 LLC F000000000000,PO BOX 4090 SCOTTSDALE AZ 852614090 F,Y CREEDE D,Keyword: PROGRESS RESIDENTIAL
832750P    0202500000000,AMERICAN HOMES 4 RENT LP F000000000000,C/O INDIRECT TAX - BPP PO BOX 8759 CALABASAS CA 913728759 F,Y VARIOUS LOCATIONS,Keyword: AMERICAN HOMES 4 RENT
832751P    0202500000000,AMERICAN HOMES 4 RENT LP F000000000000,C/O INDIRECT TAX - BPP PO BOX 8759 CALABASAS CA 913728759 F,Y VARIOUS LOCATIONS,Keyword: AMERICAN HOMES 4 RENT
832752P    0202500000000,AMERICAN HOMES 4 RENT LP F000000000000,C/O INDIRECT TAX - BPP PO BOX 8759 CALABASAS CA 913728759 F,Y VARIOUS LOCATIONS,Keyword: AMERICAN HOMES 4 RENT
832753P    0202500000000,AMERICAN HOMES 4 RENT LP F000000000000,C/O INDIRECT TAX - BPP PO BOX 8759 CALABASAS CA 913728759 F,Y VARIOUS LOCATIONS,Keyword: AMERICAN HOMES 4 RENT
832754P    0202500000000,AMERICAN HOMES 4 RENT LP F000000000000,C/O INDIRECT TAX - BPP PO BOX 8759 CALABASAS CA 913728759 F,Y VARIOUS LOCATIONS,Keyword: AMERICAN HOMES 4 RENT
832757P    0202500000000,AMERICAN HOMES 4 RENT LP F000000000000,C/O INDIRECT TAX - BPP PO BOX 8759 CALABASAS CA 913728759 F,Y VARIOUS LOCATIONS,Keyword: AMERICAN HOMES 4 RENT
832758P    0202500000000,AMERICAN HOMES 4 RENT LP F000000000000,C/O INDIRECT TAX - BPP PO BOX 8759 CALABASAS CA 913728759 F,Y VARIOUS LOCATIONS,Keyword: AMERICAN HOMES 4 RENT
832759P    0202500000000,AMERICAN HOMES 4 RENT LP F000000000000,C/O INDIRECT TAX - BPP PO BOX 8759 CALABASAS CA 913728759 F,Y VARIOUS LOCATIONS,Keyword: AMERICAN HOMES 4 RENT
832760P    0202500000000,AMERICAN HOMES 4 RENT LP F000000000000,C/O INDIRECT TAX - BPP PO BOX 8759 CALABASAS CA 913728759 F,Y VARIOUS LOCATIONS,Keyword: AMERICAN HOMES 4 RENT
832763P    0202500000000,AMERICAN HOMES 4 RENT LP F000000000000,C/O INDIRECT TAX - BPP PO BOX 8759 CALABASAS CA 913728759 F,Y VARIOUS LOCATIONS,Keyword: AMERICAN HOMES 4 RENT
832764P    0202500000000,AMERICAN HOMES 4 RENT LP F000000000000,C/O INDIRECT TAX - BPP PO BOX 8759 CALABASAS CA 913728759 F,Y VARIOUS LOCATIONS,Keyword: AMERICAN HOMES 4 RENT
832765P    0202500000000,AMERICAN HOMES 4 RENT LP F000000000000,C/O INDIRECT TAX - BPP PO BOX 8759 CALABASAS CA 913728759 F,Y VARIOUS LOCATIONS,Keyword: AMERICAN HOMES 4 RENT
832766P    0202500000000,AMERICAN HOMES 4 RENT LP F000000000000,C/O INDIRECT TAX - BPP PO BOX 8759 CALABASAS CA 913728759 F,Y VARIOUS LOCATIONS,Keyword: AMERICAN HOMES 4 RENT
832767P    0202500000000,AMERICAN HOMES 4 RENT LP F000000000000,C/O INDIRECT TAX - BPP PO BOX 8759 CALABASAS CA 913728759 F,Y VARIOUS LOCATIONS,Keyword: AMERICAN HOMES 4 RENT
832768P    0202500000000,AMERICAN HOMES 4 RENT LP F000000000000,C/O INDIRECT TAX - BPP PO BOX 8759 CALABASAS CA 913728759 F,Y VARIOUS LOCATIONS,Keyword: AMERICAN HOMES 4 RENT
832770P    0202500000000,AMERICAN HOMES 4 RENT LP F000000000000,C/O INDIRECT TAX - BPP PO BOX 8759 CALABASAS CA 913728759 F,Y VARIOUS LOCATIONS,Keyword: AMERICAN HOMES 4 RENT
832771P    0202500000000,AMERICAN HOMES 4 RENT LP F000000000000,C/O INDIRECT TAX - BPP PO BOX 8759 CALABASAS CA 913728759 F,Y VARIOUS LOCATIONS,Keyword: AMERICAN HOMES 4 RENT
832773P    0202500000000,AMERICAN HOMES 4 RENT LP F000000000000,C/O INDIRECT TAX - BPP PO BOX 8759 CALABASAS CA 913728759 F,Y VARIOUS LOCATIONS,Keyword: AMERICAN HOMES 4 RENT
832775P    0202500000000,AMERICAN HOMES 4 RENT LP F000000000000,C/O INDIRECT TAX - BPP PO BOX 8759 CALABASAS CA 913728759 F,Y VARIOUS LOCATIONS,Keyword: AMERICAN HOMES 4 RENT
832776P    0202500000000,AMERICAN HOMES 4 RENT LP F000000000000,C/O INDIRECT TAX - BPP PO BOX 8759 CALABASAS CA 913728759 F,Y VARIOUS LOCATIONS,Keyword: AMERICAN HOMES 4 RENT
832777P    0202500000000,AMERICAN HOMES 4 RENT LP F000000000000,C/O INDIRECT TAX - BPP PO BOX 8759 CALABASAS CA 913728759 F,Y VARIOUS LOCATIONS,Keyword: AMERICAN HOMES 4 RENT
845003    0202500000000,PROGRESS RESIDENTIAL BORROWER 19 LLC F000000000000,PO BOX 4090 SCOTTSDALE AZ 852614090 F,Y KIRKOSWALD R,Keyword: PROGRESS RESIDENTIAL
849925    0202500000000,PROGRESS RESIDENTIAL BORROWER 23 LLC F000000000000,PO BOX 4090 SCOTTSDALE AZ 852614090 F,Y N HEATHERWILDE B,Keyword: PROGRESS RESIDENTIAL
852615    0202500000000,PROGRESS RESIDENTIAL BORROWER 19 LLC F000000000000,PO BOX 4090 SCOTTSDALE AZ 852614090 F,Y HENNEMAN D,Keyword: PROGRESS RESIDENTIAL
860912    0202500000000,AMERICAN HOMES 4 RENT F000000000000,ATTN : PROPERTY TAX DEPT 23975 PARK SORRENTO STE 300 CALABASAS CA 913024012 F,Y SHIRE S,Keyword: AMERICAN HOMES 4 RENT
879774    0202500000000,AH4R PROPERTIES LLC F000000000000,ATTN : PROPERTY TAX DEPT 23975 PARK SORRENTO STE 300 CALABASAS CA 913024012 F,Y ANDREW JOHNSON D,Keyword: AH4R
879797    0202500000000,AH4R PROPERTIES LLC F000000000000,ATTN : PROPERTY TAX DEPT 23975 PARK SORRENTO STE 300 CALABASAS CA 913024012 F,Y WOODROW WILSON S,Keyword: AH4R
879807    0202500000000,AH4R PROPERTIES LLC F000000000000,ATTN : PROPERTY TAX DEPT 23975 PARK SORRENTO STE 300 CALABASAS CA 913024012 F,Y W T GALLAWAY S,Keyword: AH4R
881490    0202500000000,AH4R PROPERTIES TWO LLC F000000000000,23975 PARK SORRENTO STE 300 CALABASAS CA 913024012 F,Y FIRESIDE CHAT S,Keyword: AH4R
883135    0202500000000,BOSSUNG JACK F000000000000,5805 GERARD DR AUSTIN TX 787445908 F,Y GERARD D,Keyword: AMERICAN HOMES 4 RENT
883143    0202500000000,HERR CONNOR SAMUEL F000000000000,5601 GERARD DR AUSTIN TX 787445906 F,Y GERARD D,Keyword: AMERICAN HOMES 4 RENT
883171    0202500000000,DESANTIAGO JESSICA N F000000000000,8104 TURNBERRY LN AUSTIN TX 787445901 F,Y TURNBERRY L,Keyword: AMERICAN HOMES 4 RENT
883173    0202500000000,AMERICAN HOMES 4 RENT TRS LLC F000000000000,23975 PARK SORRENTO STE 300 CALABASAS CA 913024012 F,Y TURNBERRY L,Keyword: AMERICAN HOMES 4 RENT
883181    0202500000000,GONZALEZ ADULFA SANTIBANEZ F000000000000,8021 TURNBERRY LN AUSTIN TX 787445900 F,Y TURNBERRY L,Keyword: AMERICAN HOMES 4 RENT
883183    0202500000000,MARTINEZ RICHARD CHARLES & F000000000000,ROSIE DAVILA 8105 TURNBERRY LN AUSTIN TX 787445901 F,Y TURNBERRY L,Keyword: AMERICAN HOMES 4 RENT
883196    0202500000000,JIMENEZ STEVEN PAUL JR F000000000000,8008 DAMPTON LN AUSTIN TX 787445914 F,Y DAMPTON L,Keyword: AMERICAN HOMES 4 RENT
883197    0202500000000,FOLMAR SHAWN F000000000000,8006 DAMPTON LN AUSTIN TX 787445914 F,Y DAMPTON L,Keyword: AMERICAN HOMES 4 RENT
883202    0202500000000,PARSONS KEALAN F000000000000,5601 WINDMIER CIR DALLAS TX 752525006 F,Y DAMPTON L,Keyword: AMERICAN HOMES 4 RENT
883207    0202500000000,AMERICAN HOMES 4 RENT TRS LLC F000000000000,23975 PARK SORRENTO STE 300 CALABASAS CA 913024012 F,Y DAMPTON L,Keyword: AMERICAN HOMES 4 RENT
883209    0202500000000,AMERICAN HOMES 4 RENT TRS LLC F000000000000,23975 PARK SORRENTO STE 300 CALABASAS CA 913024012 F,Y DAMPTON L,Keyword: AMERICAN HOMES 4 RENT
883221    0202500000000,AMERICAN HOMES 4 RENT TRS LLC F000000000000,23975 PARK SORRENTO STE 300 CALABASAS CA 913024012 F,Y COTTAGE ROSE D,Keyword: AMERICAN HOMES 4 RENT
883222    0202500000000,AMERICAN HOMES 4 RENT TRS LLC F000000000000,23975 PARK SORRENTO STE 300 CALABASAS CA 913024012 F,Y COTTAGE ROSE D,Keyword: AMERICAN HOMES 4 RENT
883243    0202500000000,AMERICAN HOMES 4 RENT TRS LLC F000000000000,23975 PARK SORRENTO STE 300 CALABASAS CA 913024012 F,Y MCKAMY D,Keyword: AMERICAN HOMES 4 RENT
885327    0202500000000,AH4R PROPERTIES LLC F000000000000,ATTN : PROPERTY TAX DEPT 23975 PARK SORRENTO STE 300 CALABASAS CA 913024012 F,Y ROME A,Keyword: AH4R
885365    0202500000000,AH4R PROPERTIES LLC F000000000000,ATTN : PROPERTY TAX DEPT 23975 PARK SORRENTO STE 300 CALABASAS CA 913024012 F,Y SOUTHERNER W,Keyword: AH4R
885386    0202500000000,AH4R PROPERTIES LLC F000000000000,ATTN : PROPERTY TAX DEPT 23975 PARK SORRENTO STE 300 CALABASAS CA 913024012 F,Y DEER CHASE T,Keyword: AH4R
885397    0202500000000,AH4R PROPERTIES LLC F000000000000,ATTN : PROPERTY TAX DEPT 23975 PARK SORRENTO STE 300 CALABASAS CA 913024012 F,Y BELL TOWER L,Keyword: AH4R
885406    0202500000000,AH4R PROPERTIES LLC F000000000000,ATTN : PROPERTY TAX DEPT 23975 PARK SORRENTO STE 300 CALABASAS CA 913024012 F,Y KENNEDY S,Keyword: AH4R
885414    0202500000000,AH4R PROPERTIES LLC F000000000000,ATTN : PROPERTY TAX DEPT 23975 PARK SORRENTO STE 300 CALABASAS CA 913024012 F,Y BELL TOWER L,Keyword: AH4R
887251P    0202500000000,SEPHORA USA INC F000000000000,ATTN: ACCOUNTING 350 MISSION ST #7 SAN FRANCISCO CA 94105 F,Y ROCK ROSE A,Mailing: 94105
888589    0202500000000,PROGRESS RESIDENTIAL BORROWER 19 LLC F000000000000,PO BOX 4090 SCOTTSDALE AZ 852614090 F,Y RODERICK D,Keyword: PROGRESS RESIDENTIAL
888806    0202500000000,PROGRESS RESIDENTIAL BORROWER 18 LLC F000000000000,PO BOX 4090 SCOTTSDALE AZ 852614090 F,Y FORESTON D,Keyword: PROGRESS RESIDENTIAL
891516    0202500000000,AH4R PROPERTIES LLC F000000000000,ATTN : PROPERTY TAX DEPT 23975 PARK SORRENTO STE 300 CALABASAS CA 913024012 F,Y PER LANGE P,Keyword: AH4R
891526    0202500000000,AH4R PROPERTIES LLC F000000000000,ATTN : PROPERTY TAX DEPT 23975 PARK SORRENTO STE 300 CALABASAS CA 913024012 F,Y PER LANGE P,Keyword: AH4R
891533    0202500000000,AH4R PROPERTIES LLC F000000000000,ATTN : PROPERTY TAX DEPT 23975 PARK SORRENTO STE 300 CALABASAS CA 913024012 F,Y FRANKLIN PIERCE C,Keyword: AH4R
891542    0202500000000,AH4R PROPERTIES LLC F000000000000,ATTN : PROPERTY TAX DEPT 23975 PARK SORRENTO STE 300 CALABASAS CA 913024012 F,Y FRANKLIN PIERCE C,Keyword: AH4R
892400    0202500000000,"AH4R PROPERTIES, LLC F000000000000",ATTN : PROPERTY TAX DEPT 23975 PARK SORRENTO STE 300 CALABASAS CA 913024012 F,Y GROVER CLEVELAND W,Keyword: AH4R
892409    0202500000000,AH4R PROPERTIES LLC F000000000000,ATTN : PROPERTY TAX DEPT 23975 PARK SORRENTO STE 300 CALABASAS CA 913024012 F,Y WOODROW WILSON S,Keyword: AH4R
892435    0202500000000,AH4R PROPERTIES LLC F000000000000,ATTN : PROPERTY TAX DEPT 23975 PARK SORRENTO STE 300 CALABASAS CA 913024012 F,Y GROVER CLEVELAND W,Keyword: AH4R
892437    0202500000000,AH4R PROPERTIES LLC F000000000000,ATTN : PROPERTY TAX DEPT 23975 PARK SORRENTO STE 300 CALABASAS CA 913024012 F,Y GROVER CLEVELAND W,Keyword: AH4R
896216    0202500000000,SFR JV-HD 2024-1 BORROWER LLC F000000000000,% TRICON AMERICAN HOMES LLC 15771 RED HILL AVE STE 100 TUSTIN CA 927807333 F,Y VIGILANCE S,Keyword: TRICON
910728    0202500000000,SFR JV-HD 2024-1 BORROWER LLC F000000000000,% TRICON AMERICAN HOMES LLC 15771 RED HILL AVE STE 100 TUSTIN CA 927807333 F,Y HENRY A WALLACE L,Keyword: TRICON
914736    0202500000000,SFR JV-HD 2024-1 BORROWER LLC F000000000000,% TRICON AMERICAN HOMES LLC 15771 RED HILL AVE STE 100 TUSTIN CA 927807333 F,Y RIPRAP D,Keyword: TRICON
916254    0202500000000,SFR JV-HD 2024-1 BORROWER LLC F000000000000,% TRICON AMERICAN HOMES LLC 15771 RED HILL AVE STE 100 TUSTIN CA 927807333 F,Y RINCON S,Keyword: TRICON
919886    0202500000000,SFR JV-HD 2024-1 BORROWER LLC F000000000000,% TRICON AMERICAN HOMES LLC 15771 RED HILL AVE STE 100 TUSTIN CA 927807333 F,Y INAUGURAL S,Keyword: TRICON
922257P    0202500000000,AMERICAN HOMES 4 RENT LP F000000000000,C/O INDIRECT TAX - BPP PO BOX 8759 CALABASAS CA 913728759 F,Y VARIOUS LOCATIONS,Keyword: AMERICAN HOMES 4 RENT
923745    0202500000000,SFR JV-HD 2024-1 BORROWER LLC F000000000000,% TRICON AMERICAN HOMES LLC 15771 RED HILL AVE STE 100 TUSTIN CA 927807333 F,Y PLEASANTON P,Keyword: TRICON
926908    0202500000000,SFR JV-HD 2024-1 BORROWER LLC F000000000000,% TRICON AMERICAN HOMES LLC 15771 RED HILL AVE STE 100 TUSTIN CA 927807333 F,Y TILMON L,Keyword: TRICON
931900    0202500000000,SFR JV-HD 2024-1 BORROWER LLC F000000000000,% TRICON AMERICAN HOMES LLC 15771 RED HILL AVE STE 100 TUSTIN CA 927807333 F,Y ROSEBUD ISLE D,Keyword: TRICON
933791P    0202500000000,QUESTION PRO INC F000000000000,750 ST PAUL ST STE 250 AUSTIN TX 75201 F,Y VARIOUS LOCATIONS,Mailing: 75201
946437    0202500000000,SFR JV-HD 2024-1 BORROWER LLC F000000000000,% TRICON AMERICAN HOMES LLC 15771 RED HILL AVE STE 100 TUSTIN CA 927807333 F,Y COPPERSTONE A,Keyword: TRICON
946439    0202500000000,SFR JV-HD 2024-1 BORROWER LLC F000000000000,% TRICON AMERICAN HOMES LLC 15771 RED HILL AVE STE 100 TUSTIN CA 927807333 F,Y COPPERSTONE A,Keyword: TRICON
946542    0202500000000,SFR JV-HD 2024-1 BORROWER LLC F000000000000,% TRICON AMERICAN HOMES LLC 15771 RED HILL AVE STE 100 TUSTIN CA 927807333 F,Y COPPERSTONE A,Keyword: TRICON
946544    0202500000000,SFR JV-HD 2024-1 BORROWER LLC F000000000000,% TRICON AMERICAN HOMES LLC 15771 RED HILL AVE STE 100 TUSTIN CA 927807333 F,Y COPPERSTONE A,Keyword: TRICON
946545    0202500000000,SFR JV-HD 2024-1 BORROWER LLC F000000000000,% TRICON AMERICAN HOMES LLC 15771 RED HILL AVE STE 100 TUSTIN CA 927807333 F,Y COPPERSTONE A,Keyword: TRICON
946548    0202500000000,SFR JV-HD 2024-1 BORROWER LLC F000000000000,% TRICON AMERICAN HOMES LLC 15771 RED HILL AVE STE 100 TUSTIN CA 927807333 F,Y COPPERSTONE A,Keyword: TRICON
946549    0202500000000,SFR JV-HD 2024-1 BORROWER LLC F000000000000,% TRICON AMERICAN HOMES LLC 15771 RED HILL AVE STE 100 TUSTIN CA 927807333 F,Y COPPERSTONE A,Keyword: TRICON
946569    0202500000000,SFR JV-HD 2024-1 BORROWER LLC F000000000000,% TRICON AMERICAN HOMES LLC 15771 RED HILL AVE STE 100 TUSTIN CA 927807333 F,Y COPPERSTONE A,Keyword: TRICON
946571    0202500000000,SFR JV-HD 2024-1 BORROWER LLC F000000000000,% TRICON AMERICAN HOMES LLC 15771 RED HILL AVE STE 100 TUSTIN CA 927807333 F,Y COPPERSTONE A,Keyword: TRICON
970108P    0202500000000,SEPHORA USA INC F000000000000,ATTN: ACCOUNTING 350 MISSION ST #7 SAN FRANCISCO CA 94105 F,Y BRODIE L,Mailing: 94105
983332P    0202500000000,SEPHORA USA INC F000000000000,ATTN: ACCOUNTING 350 MISSION ST #7 SAN FRANCISCO CA 94105 F,Y BARBARA JORDAN B,Mailing: 94105
1004484P    0202500000000,SEPHORA USA INC F000000000000,ATTN: ACCOUNTING 350 MISSION ST #7 SAN FRANCISCO CA 94105 F,Y S CAPITAL OF TX HY,Mailing: 94105
