Property_ID,First_Year_Institutional,Latest_Match_Reason,Latest_Owner,Years_Present
100012    0202500000000,,Keyword: BLACKROCK,nan,nan
100012 0202500000000,2025,Keyword: BLACKROCK REALTY ADVISORS,0000015183421219 SOUTH LAMAR VENTURE LLC F000000000000 % BLACKROCK REALTY ADVISORS JENNIFER FREEDMAN 400 HOWARD ST SAN FRANCISCO CA 941052618 FF,2025
1004484P    0202500000000,,Mailing: 94105,nan,nan
192427    0202500000000,,Keyword: BLACKROCK,nan,nan
192427 0202500000000,2025,Keyword: GUTHRIE PROPERTY OWNER,000001808199GUTHRIE PROPERTY OWNER LP F000000000000 C/O BLACKROCK REATY ADVISORS INC 50 HUDSON YARDS FL 8 NEW YORK NY 100012180 FF,2025
230568    0202500000000,,Keyword: % REALTY ADVISORS,nan,nan
233131 0202500000000,2025,Keyword: AMH 2015,000001660315AMH 2015-2 BORROWER LLC F000000000000 ATTN : PROPERTY TAX DEPT 23975 PARK SORRENTO STE 300 CALABASAS CA 913024012 FF,2025
233162    0202500000000,,Keyword: AMERICAN HOMES 4 RENT,nan,nan
279769 0202500000000,2025,Keyword: AMH 2014,000001622703AMH 2014-2 BORROWER LLC F000000000000 ATTN : PROPERTY TAX DEPT 23975 PARK SORRENTO STE 300 CALABASAS CA 913024012 FF,2025
280107 0202500000000,2025,Keyword: AMH 2014,000001622703AMH 2014-2 BORROWER LLC F000000000000 ATTN : PROPERTY TAX DEPT 23975 PARK SORRENTO STE 300 CALABASAS CA 913024012 FF,2025
280558 0202500000000,2025,Keyword: AMH 2014,000001622703AMH 2014-2 BORROWER LLC F000000000000 ATTN : PROPERTY TAX DEPT 23975 PARK SORRENTO STE 300 CALABASAS CA 913024012 FF,2025
280753    0202500000000,,Keyword: PROGRESS RESIDENTIAL,nan,nan
280753 0202500000000,2025,Keyword: PROGRESS RESIDENTIAL BORROWER,000001940622PROGRESS RESIDENTIAL BORROWER 19 LLC F000000000000 PO BOX 4090 SCOTTSDALE AZ 852614090 FF,2025
280826    0202500000000,,Keyword: AMERICAN HOMES 4 RENT,nan,nan
280826 0202500000000,2025,Keyword: AMERICAN HOMES 4 RENT PROPERTIES,000001561988AMERICAN HOMES 4 RENT PROPERTIES TWO LLC F000000000000 280 PILOT RD STE 200-AM LAS VEGAS NV 891193532 FF,2025
281121    0202500000000,,Keyword: AMERICAN HOMES 4 RENT,nan,nan
281121 0202500000000,2025,Keyword: AMERICAN HOMES 4 RENT PROPERTIES,000001561988AMERICAN HOMES 4 RENT PROPERTIES TWO LLC F000000000000 280 PILOT RD STE 200-AM LAS VEGAS NV 891193532 FF,2025
281173    0202500000000,,Keyword: AMERICAN HOMES 4 RENT,nan,nan
281173 0202500000000,2025,Keyword: AMERICAN HOMES 4 RENT PROPERTIES,000001561988AMERICAN HOMES 4 RENT PROPERTIES TWO LLC F000000000000 280 PILOT RD STE 200-AM LAS VEGAS NV 891193532 FF,2025
282392 0202500000000,2025,Keyword: AMH 2014,000001609351AMH 2014-1 BORROWER LLC F000000000000 30601 AGOURA RD STE 200 AGOURA HILLS CA 913012148 FF,2025
284000    0202500000000,,Keyword: PROGRESS RESIDENTIAL,nan,nan
284000 0202500000000,2025,Keyword: PROGRESS RESIDENTIAL BORROWER,000001940622PROGRESS RESIDENTIAL BORROWER 19 LLC F000000000000 PO BOX 4090 SCOTTSDALE AZ 852614090 FF,2025
285769 0202500000000,2025,Keyword: AMH 2015,000001639309AMH 2015-1 BORROWER LLC F000000000000 ATTN : PROPERTY TAX DEPT 23975 PARK SORRENTO STE 300 CALABASAS CA 913024012 FF,2025
285801    0202500000000,,Keyword: AMERICAN HOMES 4 RENT,nan,nan
285801 0202500000000,2025,Keyword: AMERICAN HOMES 4 RENT PROPERTIES,000001624458AMERICAN HOMES 4 RENT PROPERTIES EIGHT LLC F000000000000 ATTN : PROPERTY TAX DEPT 23975 PARK SORRENTO STE 300 CALABASAS CA 913024012 FF,2025
285823 0202500000000,2025,Keyword: AMH 2015,000001660315AMH 2015-2 BORROWER LLC F000000000000 ATTN : PROPERTY TAX DEPT 23975 PARK SORRENTO STE 300 CALABASAS CA 913024012 FF,2025
287161    0202500000000,,Keyword: AMERICAN HOMES 4 RENT,nan,nan
294185    0202500000000,,Keyword: PROGRESS RESIDENTIAL,nan,nan
294185 0202500000000,2025,Keyword: PROGRESS RESIDENTIAL BORROWER,000001947448PROGRESS RESIDENTIAL BORROWER 20 LLC F000000000000 PO BOX 4090 SCOTTSDALE AZ 852614090 FF,2025
375518 0202500000000,2025,Keyword: AMH TX PROPERTIES,000001929820AMH TX PROPERTIES LP F000000000000 23975 PARK SORRENTO STE 300 CALABASAS CA 913024012 FF,2025
376955    0202500000000,,Keyword: AMERICAN HOMES 4 RENT,nan,nan
376955 0202500000000,2025,Keyword: AMERICAN HOMES 4 RENT PROPERTIES,000001624458AMERICAN HOMES 4 RENT PROPERTIES EIGHT LLC F000000000000 ATTN : PROPERTY TAX DEPT 23975 PARK SORRENTO STE 300 CALABASAS CA 913024012 FF,2025
377038    0202500000000,,Keyword: AMERICAN HOMES 4 RENT,nan,nan
379606    0202500000000,,Keyword: PROGRESS RESIDENTIAL,nan,nan
379606 0202500000000,2025,Keyword: PROGRESS RESIDENTIAL BORROWER,000001956454PROGRESS RESIDENTIAL BORROWER 23 LLC F000000000000 PO BOX 4090 SCOTTSDALE AZ 852614090 FF,2025
379732    0202500000000,,Keyword: PROGRESS RESIDENTIAL,nan,nan
379732 0202500000000,2025,Keyword: PROGRESS RESIDENTIAL BORROWER,000001940622PROGRESS RESIDENTIAL BORROWER 19 LLC F000000000000 PO BOX 4090 SCOTTSDALE AZ 852614090 FF,2025
379847    0202500000000,,Keyword: AMERICAN HOMES 4 RENT,nan,nan
379847 0202500000000,2025,Keyword: AMERICAN HOMES 4 RENT PROPERTIES,000001624458AMERICAN HOMES 4 RENT PROPERTIES EIGHT LLC F000000000000 ATTN : PROPERTY TAX DEPT 23975 PARK SORRENTO STE 300 CALABASAS CA 913024012 FF,2025
384596P    0202500000000,,Mailing: 75201,nan,nan
402164P    0202500000000,,Mailing: 75201,nan,nan
428299 0202500000000,2025,Keyword: AMH 2015,000001660315AMH 2015-2 BORROWER LLC F000000000000 ATTN : PROPERTY TAX DEPT 23975 PARK SORRENTO STE 300 CALABASAS CA 913024012 FF,2025
428473 0202500000000,2025,Keyword: AMH 2014,000001609351AMH 2014-1 BORROWER LLC F000000000000 30601 AGOURA RD STE 200 AGOURA HILLS CA 913012148 FF,2025
428485    0202500000000,,Keyword: AMERICAN HOMES 4 RENT,nan,nan
428485 0202500000000,2025,Keyword: AMERICAN HOMES 4 RENT PROPERTIES,000001561988AMERICAN HOMES 4 RENT PROPERTIES TWO LLC F000000000000 280 PILOT RD STE 200-AM LAS VEGAS NV 891193532 FF,2025
428592    0202500000000,,Keyword: PROGRESS RESIDENTIAL,nan,nan
428592 0202500000000,2025,Keyword: PROGRESS RESIDENTIAL BORROWER,000001940622PROGRESS RESIDENTIAL BORROWER 19 LLC F000000000000 PO BOX 4090 SCOTTSDALE AZ 852614090 FF,2025
430896    0202500000000,,Keyword: AMERICAN HOMES 4 RENT,nan,nan
430896 0202500000000,2025,Keyword: AMERICAN HOMES 4 RENT PROPERTIES,000001561988AMERICAN HOMES 4 RENT PROPERTIES TWO LLC F000000000000 280 PILOT RD STE 200-AM LAS VEGAS NV 891193532 FF,2025
445058 0202500000000,2025,Keyword: AMH 2014,000001622703AMH 2014-2 BORROWER LLC F000000000000 ATTN : PROPERTY TAX DEPT 23975 PARK SORRENTO STE 300 CALABASAS CA 913024012 FF,2025
445260    0202500000000,,Keyword: AH4R,nan,nan
445260 0202500000000,2025,Keyword: AH4R,000001548291AH4R I TX LLC F000000000000 30601 AGOURA HILLS STE 200 AGOURA HILLS CA 913012148 FF,2025
445553    0202500000000,,Keyword: PROGRESS RESIDENTIAL,nan,nan
445553 0202500000000,2025,Keyword: PROGRESS RESIDENTIAL BORROWER,000001940622PROGRESS RESIDENTIAL BORROWER 19 LLC F000000000000 PO BOX 4090 SCOTTSDALE AZ 852614090 FF,2025
462977    0202500000000,,Keyword: AMERICAN HOMES 4 RENT,nan,nan
462977 0202500000000,2025,Keyword: AMERICAN HOMES 4 RENT PROPERTIES,000001561988AMERICAN HOMES 4 RENT PROPERTIES TWO LLC F000000000000 280 PILOT RD STE 200-AM LAS VEGAS NV 891193532 FF,2025
463073    0202500000000,,Keyword: PROGRESS RESIDENTIAL,nan,nan
463073 0202500000000,2025,Keyword: PROGRESS RESIDENTIAL BORROWER,000001940622PROGRESS RESIDENTIAL BORROWER 19 LLC F000000000000 PO BOX 4090 SCOTTSDALE AZ 852614090 FF,2025
463107    0202500000000,,Keyword: AH4R,nan,nan
463107 0202500000000,2025,Keyword: AH4R,000001720523AH4R PROPERTIES LLC F000000000000 ATTN : PROPERTY TAX DEPT 23975 PARK SORRENTO STE 300 CALABASAS CA 913024012 FF,2025
466852 0202500000000,2025,Keyword: AMH 2015,000001660315AMH 2015-2 BORROWER LLC F000000000000 ATTN : PROPERTY TAX DEPT 23975 PARK SORRENTO STE 300 CALABASAS CA 913024012 FF,2025
482253    0202500000000,,Keyword: PROGRESS RESIDENTIAL,nan,nan
482253 0202500000000,2025,Keyword: PROGRESS RESIDENTIAL BORROWER,000001956454PROGRESS RESIDENTIAL BORROWER 23 LLC F000000000000 PO BOX 4090 SCOTTSDALE AZ 852614090 FF,2025
506220    0202500000000,,Keyword: PROGRESS RESIDENTIAL,nan,nan
506220 0202500000000,2025,Keyword: PROGRESS RESIDENTIAL BORROWER,000001940622PROGRESS RESIDENTIAL BORROWER 19 LLC F000000000000 PO BOX 4090 SCOTTSDALE AZ 852614090 FF,2025
507214    0202500000000,,Keyword: AH4R,nan,nan
507214 0202500000000,2025,Keyword: AH4R,000001650754AH4R I TX LLC F000000000000 SUITE 200 30601 AGOURA RD AGOURA HILLS CA 913012148 FF,2025
507638    0202500000000,,Keyword: AMERICAN HOMES 4 RENT,nan,nan
507638 0202500000000,2025,Keyword: AMERICAN HOMES 4 RENT PROPERTIES,000001595371AMERICAN HOMES 4 RENT PROPERTIES EIGHT LLC F000000000000 ATTN : PROPERTY TAX DEPT 23975 PARK SORRENTO STE 300 CALABASAS CA 913024012 FF,2025
508252    0202500000000,,Keyword: AMERICAN HOMES 4 RENT,nan,nan
508252 0202500000000,2025,Keyword: AMERICAN HOMES 4 RENT PROPERTIES,000001561988AMERICAN HOMES 4 RENT PROPERTIES TWO LLC F000000000000 280 PILOT RD STE 200-AM LAS VEGAS NV 891193532 FF,2025
528574    0202500000000,,Keyword: AMERICAN HOMES 4 RENT,nan,nan
529800    0202500000000,,Keyword: AMERICAN HOMES 4 RENT,nan,nan
529800 0202500000000,2025,Keyword: AMERICAN HOMES 4 RENT TRS,000002035386GONZALEZ JONATHAN MATTHEW & SUGELY F000000000000 2221 PLAINFIELD CT PFLUGERVILLE TX 786605083 FF,2025
530104    0202500000000,,Keyword: AMERICAN HOMES 4 RENT,nan,nan
530109    0202500000000,,Keyword: AMERICAN HOMES 4 RENT,nan,nan
530176 0202500000000,2025,Keyword: AMH 2015,000001660315AMH 2015-2 BORROWER LLC F000000000000 ATTN : PROPERTY TAX DEPT 23975 PARK SORRENTO STE 300 CALABASAS CA 913024012 FF,2025
530457    0202500000000,,Keyword: AMERICAN HOMES 4 RENT,nan,nan
530467    0202500000000,,Keyword: AH4R,nan,nan
530467 0202500000000,2025,Keyword: AH4R,000001548291AH4R I TX LLC F000000000000 30601 AGOURA HILLS STE 200 AGOURA HILLS CA 913012148 FF,2025
530580 0202500000000,2025,Keyword: AMH 2014,000001622703AMH 2014-2 BORROWER LLC F000000000000 ATTN : PROPERTY TAX DEPT 23975 PARK SORRENTO STE 300 CALABASAS CA 913024012 FF,2025
530583 0202500000000,2025,Keyword: AMH 2014,000001622703AMH 2014-2 BORROWER LLC F000000000000 ATTN : PROPERTY TAX DEPT 23975 PARK SORRENTO STE 300 CALABASAS CA 913024012 FF,2025
530743    0202500000000,,Keyword: AMERICAN HOMES 4 RENT,nan,nan
530743 0202500000000,2025,Keyword: AMERICAN HOMES 4 RENT PROPERTIES,000001624458AMERICAN HOMES 4 RENT PROPERTIES EIGHT LLC F000000000000 ATTN : PROPERTY TAX DEPT 23975 PARK SORRENTO STE 300 CALABASAS CA 913024012 FF,2025
530972    0202500000000,,Keyword: AMERICAN HOMES 4 RENT,nan,nan
530972 0202500000000,2025,Keyword: AMERICAN HOMES 4 RENT PROPERTIES,000001624458AMERICAN HOMES 4 RENT PROPERTIES EIGHT LLC F000000000000 ATTN : PROPERTY TAX DEPT 23975 PARK SORRENTO STE 300 CALABASAS CA 913024012 FF,2025
530978    0202500000000,,Keyword: AMERICAN HOMES 4 RENT,nan,nan
530997 0202500000000,2025,Keyword: AMH 2015,000001660315AMH 2015-2 BORROWER LLC F000000000000 ATTN : PROPERTY TAX DEPT 23975 PARK SORRENTO STE 300 CALABASAS CA 913024012 FF,2025
531024 0202500000000,2025,Keyword: AMH TX PROPERTIES,000002040687MOORE MICHAEL F000000000000 13513 SEA BISCUIT DR DEL VALLE TX 786175864 FF,2025
536809P    0202500000000,,Mailing: 94105,nan,nan
546349 0202500000000,2025,Keyword: AMH 2015,000001660315AMH 2015-2 BORROWER LLC F000000000000 ATTN : PROPERTY TAX DEPT 23975 PARK SORRENTO STE 300 CALABASAS CA 913024012 FF,2025
546541 0202500000000,2025,Keyword: AMH 2015,000001660315AMH 2015-2 BORROWER LLC F000000000000 ATTN : PROPERTY TAX DEPT 23975 PARK SORRENTO STE 300 CALABASAS CA 913024012 FF,2025
546715    0202500000000,,Keyword: AMERICAN HOMES 4 RENT,nan,nan
548880    0202500000000,,Keyword: AMERICAN HOMES 4 RENT,nan,nan
548880 0202500000000,2025,Keyword: AMERICAN HOMES 4 RENT PROPERTIES,000001561988AMERICAN HOMES 4 RENT PROPERTIES TWO LLC F000000000000 280 PILOT RD STE 200-AM LAS VEGAS NV 891193532 FF,2025
548943 0202500000000,2025,Keyword: AMH 2015,000001660315AMH 2015-2 BORROWER LLC F000000000000 ATTN : PROPERTY TAX DEPT 23975 PARK SORRENTO STE 300 CALABASAS CA 913024012 FF,2025
548954 0202500000000,2025,Keyword: AMH 2015,000001639309AMH 2015-1 BORROWER LLC F000000000000 ATTN : PROPERTY TAX DEPT 23975 PARK SORRENTO STE 300 CALABASAS CA 913024012 FF,2025
550989    0202500000000,,Keyword: PROGRESS RESIDENTIAL,nan,nan
550989 0202500000000,2025,Keyword: PROGRESS RESIDENTIAL BORROWER,000001956454PROGRESS RESIDENTIAL BORROWER 23 LLC F000000000000 PO BOX 4090 SCOTTSDALE AZ 852614090 FF,2025
552428    0202500000000,,Keyword: PROGRESS RESIDENTIAL,nan,nan
552428 0202500000000,2025,Keyword: PROGRESS RESIDENTIAL BORROWER,000001940622PROGRESS RESIDENTIAL BORROWER 19 LLC F000000000000 PO BOX 4090 SCOTTSDALE AZ 852614090 FF,2025
552605    0202500000000,,Keyword: AH4R,nan,nan
552605 0202500000000,2025,Keyword: AH4R,000001543754AH4R I TX LLC F000000000000 22917 PACIFIC COAST HWY STE 300 MALIBU CA 902656415 FF,2025
555400 0202500000000,2025,Mailing: 91302 + Corp Entity,000001958534DESERT LIGHTS LLC F000000000000 2287 MULHOLLAND HWY #621 CALABASAS CA 91302 FF,2025
557521 0202500000000,2025,Keyword: AMH 2015,000001660315AMH 2015-2 BORROWER LLC F000000000000 ATTN : PROPERTY TAX DEPT 23975 PARK SORRENTO STE 300 CALABASAS CA 913024012 FF,2025
566746 0202500000000,2025,Keyword: AMH 2015,000001660315AMH 2015-2 BORROWER LLC F000000000000 ATTN : PROPERTY TAX DEPT 23975 PARK SORRENTO STE 300 CALABASAS CA 913024012 FF,2025
567483    0202500000000,,Keyword: PROGRESS RESIDENTIAL,nan,nan
567483 0202500000000,2025,Keyword: PROGRESS RESIDENTIAL BORROWER,000001969255PROGRESS RESIDENTIAL BORROWER 24 LL F000000000000 PO BOX 4090 SCOTTSDALE AZ 852614090 FF,2025
567523 0202500000000,2025,Keyword: AMH 2015,000001660315AMH 2015-2 BORROWER LLC F000000000000 ATTN : PROPERTY TAX DEPT 23975 PARK SORRENTO STE 300 CALABASAS CA 913024012 FF,2025
567729 0202500000000,2025,Keyword: AMH 2014,000001609351AMH 2014-1 BORROWER LLC F000000000000 30601 AGOURA RD STE 200 AGOURA HILLS CA 913012148 FF,2025
568310    0202500000000,,Keyword: AH4R,nan,nan
568310 0202500000000,2025,Keyword: AH4R,000001930664AH4R PROPERTIES TWO LLC F000000000000 23975 PARK SORRENTO STE 300 CALABASAS CA 913024012 FF,2025
568328 0202500000000,2025,Keyword: PROGRESS AUSTIN LLC,000001896591PROGRESS AUSTIN LLC F000000000000 PO BOX 4090 SCOTTSDALE AZ 852614090 FF,2025
568748    0202500000000,,Keyword: AMERICAN HOMES 4 RENT,nan,nan
568748 0202500000000,2025,Keyword: AMERICAN HOMES 4 RENT LP,000001554289AMERICAN HOMES 4 RENT LP F000000000000 STE 200-AM 280 PILOT RD LAS VEGAS NV 891193532 FF,2025
569567 0202500000000,2025,Keyword: PROGRESS AUSTIN LLC,000001894831PROGRESS AUSTIN LLC F000000000000 PO BOX 4090 SCOTTSDALE AZ 852614090 FF,2025
571605 0202500000000,2025,Keyword: AMH 2014,000001609351AMH 2014-1 BORROWER LLC F000000000000 30601 AGOURA RD STE 200 AGOURA HILLS CA 913012148 FF,2025
571658    0202500000000,,Keyword: PROGRESS RESIDENTIAL,nan,nan
571658 0202500000000,2025,Keyword: PROGRESS RESIDENTIAL BORROWER,000001940622PROGRESS RESIDENTIAL BORROWER 19 LLC F000000000000 PO BOX 4090 SCOTTSDALE AZ 852614090 FF,2025
572796 0202500000000,2025,Keyword: AMH 2015,000001660315AMH 2015-2 BORROWER LLC F000000000000 ATTN : PROPERTY TAX DEPT 23975 PARK SORRENTO STE 300 CALABASAS CA 913024012 FF,2025
572882 0202500000000,2025,Keyword: AMH TX PROPERTIES,000001929820AMH TX PROPERTIES LP F000000000000 23975 PARK SORRENTO STE 300 CALABASAS CA 913024012 FF,2025
572898    0202500000000,,Keyword: AMERICAN HOMES 4 RENT,nan,nan
572898 0202500000000,2025,Keyword: AMERICAN HOMES 4 RENT PROPERTIES,000001561988AMERICAN HOMES 4 RENT PROPERTIES TWO LLC F000000000000 280 PILOT RD STE 200-AM LAS VEGAS NV 891193532 FF,2025
573601 0202500000000,2025,Keyword: AMH 2015,000001660315AMH 2015-2 BORROWER LLC F000000000000 ATTN : PROPERTY TAX DEPT 23975 PARK SORRENTO STE 300 CALABASAS CA 913024012 FF,2025
573714    0202500000000,,Keyword: AMERICAN HOMES 4 RENT,nan,nan
573714 0202500000000,2025,Keyword: AMERICAN HOMES 4 RENT PROPERTIES,000001624458AMERICAN HOMES 4 RENT PROPERTIES EIGHT LLC F000000000000 ATTN : PROPERTY TAX DEPT 23975 PARK SORRENTO STE 300 CALABASAS CA 913024012 FF,2025
573769 0202500000000,2025,Keyword: AMH 2015,000001660315AMH 2015-2 BORROWER LLC F000000000000 ATTN : PROPERTY TAX DEPT 23975 PARK SORRENTO STE 300 CALABASAS CA 913024012 FF,2025
573900 0202500000000,2025,Keyword: AMH 2015,000001660315AMH 2015-2 BORROWER LLC F000000000000 ATTN : PROPERTY TAX DEPT 23975 PARK SORRENTO STE 300 CALABASAS CA 913024012 FF,2025
576301    0202500000000,,Keyword: AMERICAN HOMES 4 RENT,nan,nan
576301 0202500000000,2025,Keyword: AMERICAN HOMES 4 RENT PROPERTIES,000001624458AMERICAN HOMES 4 RENT PROPERTIES EIGHT LLC F000000000000 ATTN : PROPERTY TAX DEPT 23975 PARK SORRENTO STE 300 CALABASAS CA 913024012 FF,2025
576338    0202500000000,,Keyword: AMERICAN HOMES 4 RENT,nan,nan
576539    0202500000000,,Keyword: AH4R,nan,nan
576539 0202500000000,2025,Keyword: AH4R,000001548291AH4R I TX LLC F000000000000 30601 AGOURA HILLS STE 200 AGOURA HILLS CA 913012148 FF,2025
584468    0202500000000,,Keyword: AMERICAN HOMES 4 RENT,nan,nan
584468 0202500000000,2025,Keyword: AMERICAN HOMES 4 RENT PROPERTIES,000001624458AMERICAN HOMES 4 RENT PROPERTIES EIGHT LLC F000000000000 ATTN : PROPERTY TAX DEPT 23975 PARK SORRENTO STE 300 CALABASAS CA 913024012 FF,2025
584931 0202500000000,2025,Keyword: AMH 2015,000001660315AMH 2015-2 BORROWER LLC F000000000000 ATTN : PROPERTY TAX DEPT 23975 PARK SORRENTO STE 300 CALABASAS CA 913024012 FF,2025
585762 0202500000000,2025,Keyword: AMH 2014,000001609351AMH 2014-1 BORROWER LLC F000000000000 30601 AGOURA RD STE 200 AGOURA HILLS CA 913012148 FF,2025
586151 0202500000000,2025,Keyword: PROGRESS AUSTIN LLC,000001900171PROGRESS AUSTIN LLC F000000000000 7500 N DOBSON RD SCOTTSDALE AZ 852562718 FF,2025
586189 0202500000000,2025,Keyword: PROGRESS AUSTIN LLC,000001893203PROGRESS AUSTIN LLC F000000000000 PO BOX 4090 SCOTTSDALE AZ USA 852614090 FF,2025
586241 0202500000000,2025,Keyword: AMH 2015,000001660315AMH 2015-2 BORROWER LLC F000000000000 ATTN : PROPERTY TAX DEPT 23975 PARK SORRENTO STE 300 CALABASAS CA 913024012 FF,2025
587206    0202500000000,,Keyword: AMERICAN HOMES 4 RENT,nan,nan
587206 0202500000000,2025,Keyword: AMERICAN HOMES 4 RENT LP,000001554289AMERICAN HOMES 4 RENT LP F000000000000 STE 200-AM 280 PILOT RD LAS VEGAS NV 891193532 FF,2025
587231 0202500000000,2025,Keyword: AMH 2014,000001609351AMH 2014-1 BORROWER LLC F000000000000 30601 AGOURA RD STE 200 AGOURA HILLS CA 913012148 FF,2025
587359 0202500000000,2025,Keyword: AMH 2015,000001660315AMH 2015-2 BORROWER LLC F000000000000 ATTN : PROPERTY TAX DEPT 23975 PARK SORRENTO STE 300 CALABASAS CA 913024012 FF,2025
587488    0202500000000,,Keyword: AMERICAN HOMES 4 RENT,nan,nan
588244 0202500000000,2025,Keyword: AMH 2014,000001609351AMH 2014-1 BORROWER LLC F000000000000 30601 AGOURA RD STE 200 AGOURA HILLS CA 913012148 FF,2025
588518 0202500000000,2025,Keyword: AMH 2014,000001609351AMH 2014-1 BORROWER LLC F000000000000 30601 AGOURA RD STE 200 AGOURA HILLS CA 913012148 FF,2025
700074    0202500000000,,Keyword: PROGRESS RESIDENTIAL,nan,nan
700074 0202500000000,2025,Keyword: PROGRESS RESIDENTIAL BORROWER,000001969255PROGRESS RESIDENTIAL BORROWER 24 LL F000000000000 PO BOX 4090 SCOTTSDALE AZ 852614090 FF,2025
700184 0202500000000,2025,Keyword: AMH 2015,000001660315AMH 2015-2 BORROWER LLC F000000000000 ATTN : PROPERTY TAX DEPT 23975 PARK SORRENTO STE 300 CALABASAS CA 913024012 FF,2025
700792 0202500000000,2025,Keyword: AMH 2015,000001660315AMH 2015-2 BORROWER LLC F000000000000 ATTN : PROPERTY TAX DEPT 23975 PARK SORRENTO STE 300 CALABASAS CA 913024012 FF,2025
700978    0202500000000,,Keyword: AMERICAN HOMES 4 RENT,nan,nan
701308 0202500000000,2025,Keyword: AMH 2015,000001660315AMH 2015-2 BORROWER LLC F000000000000 ATTN : PROPERTY TAX DEPT 23975 PARK SORRENTO STE 300 CALABASAS CA 913024012 FF,2025
702044 0202500000000,2025,Keyword: AMH 2015,000001660315AMH 2015-2 BORROWER LLC F000000000000 ATTN : PROPERTY TAX DEPT 23975 PARK SORRENTO STE 300 CALABASAS CA 913024012 FF,2025
702071 0202500000000,2025,Keyword: AMH 2015,000001660315AMH 2015-2 BORROWER LLC F000000000000 ATTN : PROPERTY TAX DEPT 23975 PARK SORRENTO STE 300 CALABASAS CA 913024012 FF,2025
702098    0202500000000,,Keyword: AMERICAN HOMES 4 RENT,nan,nan
702098 0202500000000,2025,Keyword: AMERICAN HOMES 4 RENT LP,000001554289AMERICAN HOMES 4 RENT LP F000000000000 STE 200-AM 280 PILOT RD LAS VEGAS NV 891193532 FF,2025
702245    0202500000000,,Keyword: AMERICAN HOMES 4 RENT,nan,nan
702245 0202500000000,2025,Keyword: AMERICAN HOMES 4 RENT PROPERTIES,000001561988AMERICAN HOMES 4 RENT PROPERTIES TWO LLC F000000000000 280 PILOT RD STE 200-AM LAS VEGAS NV 891193532 FF,2025
710446    0202500000000,,Keyword: PROGRESS RESIDENTIAL,nan,nan
710446 0202500000000,2025,Keyword: PROGRESS RESIDENTIAL BORROWER,000001940622PROGRESS RESIDENTIAL BORROWER 19 LLC F000000000000 PO BOX 4090 SCOTTSDALE AZ 852614090 FF,2025
710467    0202500000000,,Keyword: AMERICAN HOMES 4 RENT,nan,nan
710467 0202500000000,2025,Keyword: AMERICAN HOMES 4 RENT LP,000001554289AMERICAN HOMES 4 RENT LP F000000000000 STE 200-AM 280 PILOT RD LAS VEGAS NV 891193532 FF,2025
711141    0202500000000,,Keyword: AMERICAN HOMES 4 RENT,nan,nan
711141 0202500000000,2025,Keyword: AMERICAN HOMES 4 RENT PROPERTIES,000001624458AMERICAN HOMES 4 RENT PROPERTIES EIGHT LLC F000000000000 ATTN : PROPERTY TAX DEPT 23975 PARK SORRENTO STE 300 CALABASAS CA 913024012 FF,2025
711178    0202500000000,,Keyword: AMERICAN HOMES 4 RENT,nan,nan
713601    0202500000000,,Keyword: AMERICAN HOMES 4 RENT,nan,nan
714327 0202500000000,2025,Keyword: AMH 2015,000001660315AMH 2015-2 BORROWER LLC F000000000000 ATTN : PROPERTY TAX DEPT 23975 PARK SORRENTO STE 300 CALABASAS CA 913024012 FF,2025
714426 0202500000000,2025,Keyword: AMH 2015,000001660315AMH 2015-2 BORROWER LLC F000000000000 ATTN : PROPERTY TAX DEPT 23975 PARK SORRENTO STE 300 CALABASAS CA 913024012 FF,2025
718390 0202500000000,2025,Keyword: AMH 2014,000001622703AMH 2014-2 BORROWER LLC F000000000000 ATTN : PROPERTY TAX DEPT 23975 PARK SORRENTO STE 300 CALABASAS CA 913024012 FF,2025
718905    0202500000000,,Keyword: AMERICAN HOMES 4 RENT,nan,nan
718927    0202500000000,,Keyword: AMERICAN HOMES 4 RENT,nan,nan
719893    0202500000000,,Keyword: AH4R,nan,nan
719893 0202500000000,2025,Keyword: AH4R,000001548291AH4R I TX LLC F000000000000 30601 AGOURA HILLS STE 200 AGOURA HILLS CA 913012148 FF,2025
719964    0202500000000,,Keyword: AMERICAN HOMES 4 RENT,nan,nan
719964 0202500000000,2025,Keyword: AMERICAN HOMES 4 RENT PROPERTIES,000001624458AMERICAN HOMES 4 RENT PROPERTIES EIGHT LLC F000000000000 ATTN : PROPERTY TAX DEPT 23975 PARK SORRENTO STE 300 CALABASAS CA 913024012 FF,2025
720312 0202500000000,2025,Keyword: AMH 2015,000001660315AMH 2015-2 BORROWER LLC F000000000000 ATTN : PROPERTY TAX DEPT 23975 PARK SORRENTO STE 300 CALABASAS CA 913024012 FF,2025
720374    0202500000000,,Keyword: AMERICAN HOMES 4 RENT,nan,nan
720374 0202500000000,2025,Keyword: AMERICAN HOMES 4 RENT PROPERTIES,000001624458AMERICAN HOMES 4 RENT PROPERTIES EIGHT LLC F000000000000 ATTN : PROPERTY TAX DEPT 23975 PARK SORRENTO STE 300 CALABASAS CA 913024012 FF,2025
720392    0202500000000,,Keyword: AMERICAN HOMES 4 RENT,nan,nan
720392 0202500000000,2025,Keyword: AMERICAN HOMES 4 RENT PROPERTIES,000001561988AMERICAN HOMES 4 RENT PROPERTIES TWO LLC F000000000000 280 PILOT RD STE 200-AM LAS VEGAS NV 891193532 FF,2025
720873 0202500000000,2025,Keyword: AMH 2015,000001660315AMH 2015-2 BORROWER LLC F000000000000 ATTN : PROPERTY TAX DEPT 23975 PARK SORRENTO STE 300 CALABASAS CA 913024012 FF,2025
728187 0202500000000,2025,Keyword: AMH 2014,000001609351AMH 2014-1 BORROWER LLC F000000000000 30601 AGOURA RD STE 200 AGOURA HILLS CA 913012148 FF,2025
729744 0202500000000,2025,Keyword: AMH 2014,000001622703AMH 2014-2 BORROWER LLC F000000000000 ATTN : PROPERTY TAX DEPT 23975 PARK SORRENTO STE 300 CALABASAS CA 913024012 FF,2025
729887 0202500000000,2025,Keyword: AMH 2015,000001660315AMH 2015-2 BORROWER LLC F000000000000 ATTN : PROPERTY TAX DEPT 23975 PARK SORRENTO STE 300 CALABASAS CA 913024012 FF,2025
729941 0202500000000,2025,Keyword: AMH 2014,000001609351AMH 2014-1 BORROWER LLC F000000000000 30601 AGOURA RD STE 200 AGOURA HILLS CA 913012148 FF,2025
731572    0202500000000,,Keyword: AMERICAN HOMES 4 RENT,nan,nan
732628 0202500000000,2025,Keyword: AMH 2015,000001639309AMH 2015-1 BORROWER LLC F000000000000 ATTN : PROPERTY TAX DEPT 23975 PARK SORRENTO STE 300 CALABASAS CA 913024012 FF,2025
734537    0202500000000,,Keyword: AMERICAN HOMES 4 RENT,nan,nan
737272 0202500000000,2025,Keyword: AMH 2015,000001639309AMH 2015-1 BORROWER LLC F000000000000 ATTN : PROPERTY TAX DEPT 23975 PARK SORRENTO STE 300 CALABASAS CA 913024012 FF,2025
737382 0202500000000,2025,Keyword: AMH 2015,000001660315AMH 2015-2 BORROWER LLC F000000000000 ATTN : PROPERTY TAX DEPT 23975 PARK SORRENTO STE 300 CALABASAS CA 913024012 FF,2025
737766 0202500000000,2025,Keyword: AMH 2014,000001622703AMH 2014-2 BORROWER LLC F000000000000 ATTN : PROPERTY TAX DEPT 23975 PARK SORRENTO STE 300 CALABASAS CA 913024012 FF,2025
738028P    0202500000000,,Mailing: 94105,nan,nan
752501    0202500000000,,Keyword: PROGRESS RESIDENTIAL,nan,nan
752501 0202500000000,2025,Keyword: PROGRESS RESIDENTIAL BORROWER,000001940622PROGRESS RESIDENTIAL BORROWER 19 LLC F000000000000 PO BOX 4090 SCOTTSDALE AZ 852614090 FF,2025
752592    0202500000000,,Keyword: AMERICAN HOMES 4 RENT,nan,nan
754338    0202500000000,,Keyword: AH4R,nan,nan
754338 0202500000000,2025,Keyword: AH4R,000001548291AH4R I TX LLC F000000000000 30601 AGOURA HILLS STE 200 AGOURA HILLS CA 913012148 FF,2025
756229 0202500000000,2025,Keyword: AMH TX PROPERTIES,000001929820AMH TX PROPERTIES LP F000000000000 23975 PARK SORRENTO STE 300 CALABASAS CA 913024012 FF,2025
758515    0202500000000,,Keyword: AMERICAN HOMES 4 RENT,nan,nan
758515 0202500000000,2025,Keyword: AMERICAN HOMES 4 RENT PROPERTIES,000001561988AMERICAN HOMES 4 RENT PROPERTIES TWO LLC F000000000000 280 PILOT RD STE 200-AM LAS VEGAS NV 891193532 FF,2025
773374 0202500000000,2025,Keyword: AMH 2015,000001660315AMH 2015-2 BORROWER LLC F000000000000 ATTN : PROPERTY TAX DEPT 23975 PARK SORRENTO STE 300 CALABASAS CA 913024012 FF,2025
773762 0202500000000,2025,Keyword: AMH 2015,000001660315AMH 2015-2 BORROWER LLC F000000000000 ATTN : PROPERTY TAX DEPT 23975 PARK SORRENTO STE 300 CALABASAS CA 913024012 FF,2025
774158 0202500000000,2025,Keyword: AMH 2015,000001660315AMH 2015-2 BORROWER LLC F000000000000 ATTN : PROPERTY TAX DEPT 23975 PARK SORRENTO STE 300 CALABASAS CA 913024012 FF,2025
775013    0202500000000,,Keyword: AMERICAN HOMES 4 RENT,nan,nan
775013 0202500000000,2025,Keyword: AMERICAN HOMES 4 RENT PROPERTIES,000001630102AMERICAN HOMES 4 RENT PROPERTIES EIGHT LLC F000000000000 ATTN : PROPERTY TAX DEPT 23975 PARK SORENTO STE 300 CALABASAS CA 913024012 FF,2025
775020    0202500000000,,Keyword: AMERICAN HOMES 4 RENT,nan,nan
775020 0202500000000,2025,Keyword: AMERICAN HOMES 4 RENT PROPERTIES,000001624458AMERICAN HOMES 4 RENT PROPERTIES EIGHT LLC F000000000000 ATTN : PROPERTY TAX DEPT 23975 PARK SORRENTO STE 300 CALABASAS CA 913024012 FF,2025
778191 0202500000000,2025,Keyword: AMH 2014,000001622703AMH 2014-2 BORROWER LLC F000000000000 ATTN : PROPERTY TAX DEPT 23975 PARK SORRENTO STE 300 CALABASAS CA 913024012 FF,2025
783134 0202500000000,2025,Keyword: AMH 2015,000001660315AMH 2015-2 BORROWER LLC F000000000000 ATTN : PROPERTY TAX DEPT 23975 PARK SORRENTO STE 300 CALABASAS CA 913024012 FF,2025
783743 0202500000000,2025,Keyword: AMH 2015,000001639309AMH 2015-1 BORROWER LLC F000000000000 ATTN : PROPERTY TAX DEPT 23975 PARK SORRENTO STE 300 CALABASAS CA 913024012 FF,2025
818209    0202500000000,,Keyword: % REALTY ADVISORS,nan,nan
821346    0202500000000,,Keyword: PROGRESS RESIDENTIAL,nan,nan
821346 0202500000000,2025,Keyword: PROGRESS RESIDENTIAL BORROWER,000001940622PROGRESS RESIDENTIAL BORROWER 19 LLC F000000000000 PO BOX 4090 SCOTTSDALE AZ 852614090 FF,2025
832750P    0202500000000,,Keyword: AMERICAN HOMES 4 RENT,nan,nan
832750P 0202500000000,2025,Keyword: AMERICAN HOMES 4 RENT LP,000001581934AMERICAN HOMES 4 RENT LP F000000000000 C/O INDIRECT TAX - BPP PO BOX 8759 CALABASAS CA 913728759 FF,2025
832751P    0202500000000,,Keyword: AMERICAN HOMES 4 RENT,nan,nan
832751P 0202500000000,2025,Keyword: AMERICAN HOMES 4 RENT LP,000001581934AMERICAN HOMES 4 RENT LP F000000000000 C/O INDIRECT TAX - BPP PO BOX 8759 CALABASAS CA 913728759 FF,2025
832752P    0202500000000,,Keyword: AMERICAN HOMES 4 RENT,nan,nan
832752P 0202500000000,2025,Keyword: AMERICAN HOMES 4 RENT LP,000001581934AMERICAN HOMES 4 RENT LP F000000000000 C/O INDIRECT TAX - BPP PO BOX 8759 CALABASAS CA 913728759 FF,2025
832753P    0202500000000,,Keyword: AMERICAN HOMES 4 RENT,nan,nan
832753P 0202500000000,2025,Keyword: AMERICAN HOMES 4 RENT LP,000001581934AMERICAN HOMES 4 RENT LP F000000000000 C/O INDIRECT TAX - BPP PO BOX 8759 CALABASAS CA 913728759 FF,2025
832754P    0202500000000,,Keyword: AMERICAN HOMES 4 RENT,nan,nan
832754P 0202500000000,2025,Keyword: AMERICAN HOMES 4 RENT LP,000001581934AMERICAN HOMES 4 RENT LP F000000000000 C/O INDIRECT TAX - BPP PO BOX 8759 CALABASAS CA 913728759 FF,2025
832757P    0202500000000,,Keyword: AMERICAN HOMES 4 RENT,nan,nan
832757P 0202500000000,2025,Keyword: AMERICAN HOMES 4 RENT LP,000001581934AMERICAN HOMES 4 RENT LP F000000000000 C/O INDIRECT TAX - BPP PO BOX 8759 CALABASAS CA 913728759 FF,2025
832758P    0202500000000,,Keyword: AMERICAN HOMES 4 RENT,nan,nan
832758P 0202500000000,2025,Keyword: AMERICAN HOMES 4 RENT LP,000001581934AMERICAN HOMES 4 RENT LP F000000000000 C/O INDIRECT TAX - BPP PO BOX 8759 CALABASAS CA 913728759 FF,2025
832759P    0202500000000,,Keyword: AMERICAN HOMES 4 RENT,nan,nan
832759P 0202500000000,2025,Keyword: AMERICAN HOMES 4 RENT LP,000001581934AMERICAN HOMES 4 RENT LP F000000000000 C/O INDIRECT TAX - BPP PO BOX 8759 CALABASAS CA 913728759 FF,2025
832760P    0202500000000,,Keyword: AMERICAN HOMES 4 RENT,nan,nan
832760P 0202500000000,2025,Keyword: AMERICAN HOMES 4 RENT LP,000001581934AMERICAN HOMES 4 RENT LP F000000000000 C/O INDIRECT TAX - BPP PO BOX 8759 CALABASAS CA 913728759 FF,2025
832763P    0202500000000,,Keyword: AMERICAN HOMES 4 RENT,nan,nan
832763P 0202500000000,2025,Keyword: AMERICAN HOMES 4 RENT LP,000001581934AMERICAN HOMES 4 RENT LP F000000000000 C/O INDIRECT TAX - BPP PO BOX 8759 CALABASAS CA 913728759 FF,2025
832764P    0202500000000,,Keyword: AMERICAN HOMES 4 RENT,nan,nan
832764P 0202500000000,2025,Keyword: AMERICAN HOMES 4 RENT LP,000001581934AMERICAN HOMES 4 RENT LP F000000000000 C/O INDIRECT TAX - BPP PO BOX 8759 CALABASAS CA 913728759 FF,2025
832765P    0202500000000,,Keyword: AMERICAN HOMES 4 RENT,nan,nan
832765P 0202500000000,2025,Keyword: AMERICAN HOMES 4 RENT LP,000001581934AMERICAN HOMES 4 RENT LP F000000000000 C/O INDIRECT TAX - BPP PO BOX 8759 CALABASAS CA 913728759 FF,2025
832766P    0202500000000,,Keyword: AMERICAN HOMES 4 RENT,nan,nan
832766P 0202500000000,2025,Keyword: AMERICAN HOMES 4 RENT LP,000001581934AMERICAN HOMES 4 RENT LP F000000000000 C/O INDIRECT TAX - BPP PO BOX 8759 CALABASAS CA 913728759 FF,2025
832767P    0202500000000,,Keyword: AMERICAN HOMES 4 RENT,nan,nan
832767P 0202500000000,2025,Keyword: AMERICAN HOMES 4 RENT LP,000001581934AMERICAN HOMES 4 RENT LP F000000000000 C/O INDIRECT TAX - BPP PO BOX 8759 CALABASAS CA 913728759 FF,2025
832768P    0202500000000,,Keyword: AMERICAN HOMES 4 RENT,nan,nan
832768P 0202500000000,2025,Keyword: AMERICAN HOMES 4 RENT LP,000001581934AMERICAN HOMES 4 RENT LP F000000000000 C/O INDIRECT TAX - BPP PO BOX 8759 CALABASAS CA 913728759 FF,2025
832770P    0202500000000,,Keyword: AMERICAN HOMES 4 RENT,nan,nan
832770P 0202500000000,2025,Keyword: AMERICAN HOMES 4 RENT LP,000001581934AMERICAN HOMES 4 RENT LP F000000000000 C/O INDIRECT TAX - BPP PO BOX 8759 CALABASAS CA 913728759 FF,2025
832771P    0202500000000,,Keyword: AMERICAN HOMES 4 RENT,nan,nan
832771P 0202500000000,2025,Keyword: AMERICAN HOMES 4 RENT LP,000001581934AMERICAN HOMES 4 RENT LP F000000000000 C/O INDIRECT TAX - BPP PO BOX 8759 CALABASAS CA 913728759 FF,2025
832773P    0202500000000,,Keyword: AMERICAN HOMES 4 RENT,nan,nan
832773P 0202500000000,2025,Keyword: AMERICAN HOMES 4 RENT LP,000001581934AMERICAN HOMES 4 RENT LP F000000000000 C/O INDIRECT TAX - BPP PO BOX 8759 CALABASAS CA 913728759 FF,2025
832775P    0202500000000,,Keyword: AMERICAN HOMES 4 RENT,nan,nan
832775P 0202500000000,2025,Keyword: AMERICAN HOMES 4 RENT LP,000001581934AMERICAN HOMES 4 RENT LP F000000000000 C/O INDIRECT TAX - BPP PO BOX 8759 CALABASAS CA 913728759 FF,2025
832776P    0202500000000,,Keyword: AMERICAN HOMES 4 RENT,nan,nan
832776P 0202500000000,2025,Keyword: AMERICAN HOMES 4 RENT LP,000001581934AMERICAN HOMES 4 RENT LP F000000000000 C/O INDIRECT TAX - BPP PO BOX 8759 CALABASAS CA 913728759 FF,2025
832777P    0202500000000,,Keyword: AMERICAN HOMES 4 RENT,nan,nan
832777P 0202500000000,2025,Keyword: AMERICAN HOMES 4 RENT LP,000001581934AMERICAN HOMES 4 RENT LP F000000000000 C/O INDIRECT TAX - BPP PO BOX 8759 CALABASAS CA 913728759 FF,2025
836174 0202500000000,2025,Keyword: PROGRESS AUSTIN LLC,000001894428PROGRESS AUSTIN LLC F000000000000 BOX 4090 SCOTTSDALE AZ 852614090 FF,2025
840887 0202500000000,2025,Mailing: 91302 + Corp Entity,000001938128HIGH CHAPARRAL ESTATES LLC F000000000000 26500 AGOURA RD 102 588 CALABASAS CA 91302 FF,2025
845003    0202500000000,,Keyword: PROGRESS RESIDENTIAL,nan,nan
845003 0202500000000,2025,Keyword: PROGRESS RESIDENTIAL BORROWER,000001940622PROGRESS RESIDENTIAL BORROWER 19 LLC F000000000000 PO BOX 4090 SCOTTSDALE AZ 852614090 FF,2025
849925    0202500000000,,Keyword: PROGRESS RESIDENTIAL,nan,nan
849925 0202500000000,2025,Keyword: PROGRESS RESIDENTIAL BORROWER,000001956454PROGRESS RESIDENTIAL BORROWER 23 LLC F000000000000 PO BOX 4090 SCOTTSDALE AZ 852614090 FF,2025
852615    0202500000000,,Keyword: PROGRESS RESIDENTIAL,nan,nan
852615 0202500000000,2025,Keyword: PROGRESS RESIDENTIAL BORROWER,000001940622PROGRESS RESIDENTIAL BORROWER 19 LLC F000000000000 PO BOX 4090 SCOTTSDALE AZ 852614090 FF,2025
860912    0202500000000,,Keyword: AMERICAN HOMES 4 RENT,nan,nan
879774    0202500000000,,Keyword: AH4R,nan,nan
879774 0202500000000,2025,Keyword: AH4R,000001729932AH4R PROPERTIES LLC F000000000000 ATTN : PROPERTY TAX DEPT 23975 PARK SORRENTO STE 300 CALABASAS CA 913024012 FF,2025
879797    0202500000000,,Keyword: AH4R,nan,nan
879797 0202500000000,2025,Keyword: AH4R,000001720523AH4R PROPERTIES LLC F000000000000 ATTN : PROPERTY TAX DEPT 23975 PARK SORRENTO STE 300 CALABASAS CA 913024012 FF,2025
879807    0202500000000,,Keyword: AH4R,nan,nan
879807 0202500000000,2025,Keyword: AH4R,000001720523AH4R PROPERTIES LLC F000000000000 ATTN : PROPERTY TAX DEPT 23975 PARK SORRENTO STE 300 CALABASAS CA 913024012 FF,2025
881490    0202500000000,,Keyword: AH4R,nan,nan
881490 0202500000000,2025,Keyword: AH4R,000001930664AH4R PROPERTIES TWO LLC F000000000000 23975 PARK SORRENTO STE 300 CALABASAS CA 913024012 FF,2025
883114 0202500000000,2025,Keyword: AMH ADDISON,000001750979AMH ADDISON DEVELOPMENT LLC F000000000000 ATTN : PROPERTY TAX DEPT 23975 PARK SORRENTO STE 300 CALABASAS CA 913024012 FF,2025
883117 0202500000000,2025,Keyword: AMH ADDISON,000001750979AMH ADDISON DEVELOPMENT LLC F000000000000 ATTN : PROPERTY TAX DEPT 23975 PARK SORRENTO STE 300 CALABASAS CA 913024012 FF,2025
883118 0202500000000,2025,Keyword: AMH ADDISON,000001750979AMH ADDISON DEVELOPMENT LLC F000000000000 ATTN : PROPERTY TAX DEPT 23975 PARK SORRENTO STE 300 CALABASAS CA 913024012 FF,2025
883119 0202500000000,2025,Keyword: AMH TX PROPERTIES,000001929820AMH TX PROPERTIES LP F000000000000 23975 PARK SORRENTO STE 300 CALABASAS CA 913024012 FF,2025
883120 0202500000000,2025,Keyword: AMH ADDISON,000001750979AMH ADDISON DEVELOPMENT LLC F000000000000 ATTN : PROPERTY TAX DEPT 23975 PARK SORRENTO STE 300 CALABASAS CA 913024012 FF,2025
883121 0202500000000,2025,Keyword: AMH ADDISON,000001750979AMH ADDISON DEVELOPMENT LLC F000000000000 ATTN : PROPERTY TAX DEPT 23975 PARK SORRENTO STE 300 CALABASAS CA 913024012 FF,2025
883122 0202500000000,2025,Keyword: AMH ADDISON,000001750979AMH ADDISON DEVELOPMENT LLC F000000000000 ATTN : PROPERTY TAX DEPT 23975 PARK SORRENTO STE 300 CALABASAS CA 913024012 FF,2025
883123 0202500000000,2025,Keyword: AMH ADDISON,000001750979AMH ADDISON DEVELOPMENT LLC F000000000000 ATTN : PROPERTY TAX DEPT 23975 PARK SORRENTO STE 300 CALABASAS CA 913024012 FF,2025
883124 0202500000000,2025,Keyword: AMH ADDISON,000001750979AMH ADDISON DEVELOPMENT LLC F000000000000 ATTN : PROPERTY TAX DEPT 23975 PARK SORRENTO STE 300 CALABASAS CA 913024012 FF,2025
883125 0202500000000,2025,Keyword: AMH ADDISON,000001750979AMH ADDISON DEVELOPMENT LLC F000000000000 ATTN : PROPERTY TAX DEPT 23975 PARK SORRENTO STE 300 CALABASAS CA 913024012 FF,2025
883126 0202500000000,2025,Keyword: AMH ADDISON,000001750979AMH ADDISON DEVELOPMENT LLC F000000000000 ATTN : PROPERTY TAX DEPT 23975 PARK SORRENTO STE 300 CALABASAS CA 913024012 FF,2025
883127 0202500000000,2025,Keyword: AMH ADDISON,000002040719FEIERTAG JUSTIN C F000000000000 10500 CRESCENDO LN AUSTIN TX 787472771 FF,2025
883128 0202500000000,2025,Keyword: AMH ADDISON,000001750979AMH ADDISON DEVELOPMENT LLC F000000000000 ATTN : PROPERTY TAX DEPT 23975 PARK SORRENTO STE 300 CALABASAS CA 913024012 FF,2025
883129 0202500000000,2025,Keyword: AMH ADDISON,000001750979AMH ADDISON DEVELOPMENT LLC F000000000000 ATTN : PROPERTY TAX DEPT 23975 PARK SORRENTO STE 300 CALABASAS CA 913024012 FF,2025
883130 0202500000000,2025,Keyword: AMH ADDISON,000001750979AMH ADDISON DEVELOPMENT LLC F000000000000 ATTN : PROPERTY TAX DEPT 23975 PARK SORRENTO STE 300 CALABASAS CA 913024012 FF,2025
883131 0202500000000,2025,Keyword: AMH ADDISON,000001750979AMH ADDISON DEVELOPMENT LLC F000000000000 ATTN : PROPERTY TAX DEPT 23975 PARK SORRENTO STE 300 CALABASAS CA 913024012 FF,2025
883132 0202500000000,2025,Keyword: AMH ADDISON,000001750979AMH ADDISON DEVELOPMENT LLC F000000000000 ATTN : PROPERTY TAX DEPT 23975 PARK SORRENTO STE 300 CALABASAS CA 913024012 FF,2025
883133 0202500000000,2025,Keyword: AMH ADDISON,000001750979AMH ADDISON DEVELOPMENT LLC F000000000000 ATTN : PROPERTY TAX DEPT 23975 PARK SORRENTO STE 300 CALABASAS CA 913024012 FF,2025
883134 0202500000000,2025,Keyword: AMH ADDISON,000001750979AMH ADDISON DEVELOPMENT LLC F000000000000 ATTN : PROPERTY TAX DEPT 23975 PARK SORRENTO STE 300 CALABASAS CA 913024012 FF,2025
883135    0202500000000,,Keyword: AMERICAN HOMES 4 RENT,nan,nan
883135 0202500000000,2025,Keyword: AMERICAN HOMES 4 RENT TRS,000002036053BOSSUNG JACK F000000000000 5805 GERARD DR AUSTIN TX 787445908 FF,2025
883136 0202500000000,2025,Keyword: AMH ADDISON,000001750979AMH ADDISON DEVELOPMENT LLC F000000000000 ATTN : PROPERTY TAX DEPT 23975 PARK SORRENTO STE 300 CALABASAS CA 913024012 FF,2025
883137 0202500000000,2025,Keyword: AMH ADDISON,000001750979AMH ADDISON DEVELOPMENT LLC F000000000000 ATTN : PROPERTY TAX DEPT 23975 PARK SORRENTO STE 300 CALABASAS CA 913024012 FF,2025
883138 0202500000000,2025,Keyword: AMH ADDISON,000001750979AMH ADDISON DEVELOPMENT LLC F000000000000 ATTN : PROPERTY TAX DEPT 23975 PARK SORRENTO STE 300 CALABASAS CA 913024012 FF,2025
883139 0202500000000,2025,Keyword: AMH ADDISON,000001750979AMH ADDISON DEVELOPMENT LLC F000000000000 ATTN : PROPERTY TAX DEPT 23975 PARK SORRENTO STE 300 CALABASAS CA 913024012 FF,2025
883140 0202500000000,2025,Keyword: AMH ADDISON,000001750979AMH ADDISON DEVELOPMENT LLC F000000000000 ATTN : PROPERTY TAX DEPT 23975 PARK SORRENTO STE 300 CALABASAS CA 913024012 FF,2025
883141 0202500000000,2025,Keyword: AMH ADDISON,000001750979AMH ADDISON DEVELOPMENT LLC F000000000000 ATTN : PROPERTY TAX DEPT 23975 PARK SORRENTO STE 300 CALABASAS CA 913024012 FF,2025
883142 0202500000000,2025,Keyword: AMH ADDISON,000001750979AMH ADDISON DEVELOPMENT LLC F000000000000 ATTN : PROPERTY TAX DEPT 23975 PARK SORRENTO STE 300 CALABASAS CA 913024012 FF,2025
883143    0202500000000,,Keyword: AMERICAN HOMES 4 RENT,nan,nan
883143 0202500000000,2025,Keyword: AMERICAN HOMES 4 RENT TRS,000002034074HERR CONNOR SAMUEL F000000000000 5601 GERARD DR AUSTIN TX 787445906 FF,2025
883147 0202500000000,2025,Keyword: AMH ADDISON,000001750979AMH ADDISON DEVELOPMENT LLC F000000000000 ATTN : PROPERTY TAX DEPT 23975 PARK SORRENTO STE 300 CALABASAS CA 913024012 FF,2025
883148 0202500000000,2025,Keyword: AMH ADDISON,000001750979AMH ADDISON DEVELOPMENT LLC F000000000000 ATTN : PROPERTY TAX DEPT 23975 PARK SORRENTO STE 300 CALABASAS CA 913024012 FF,2025
883149 0202500000000,2025,Keyword: AMH ADDISON,000001750979AMH ADDISON DEVELOPMENT LLC F000000000000 ATTN : PROPERTY TAX DEPT 23975 PARK SORRENTO STE 300 CALABASAS CA 913024012 FF,2025
883150 0202500000000,2025,Keyword: AMH ADDISON,000001750979AMH ADDISON DEVELOPMENT LLC F000000000000 ATTN : PROPERTY TAX DEPT 23975 PARK SORRENTO STE 300 CALABASAS CA 913024012 FF,2025
883151 0202500000000,2025,Keyword: AMH ADDISON,000001750979AMH ADDISON DEVELOPMENT LLC F000000000000 ATTN : PROPERTY TAX DEPT 23975 PARK SORRENTO STE 300 CALABASAS CA 913024012 FF,2025
883152 0202500000000,2025,Keyword: AMH ADDISON,000001750979AMH ADDISON DEVELOPMENT LLC F000000000000 ATTN : PROPERTY TAX DEPT 23975 PARK SORRENTO STE 300 CALABASAS CA 913024012 FF,2025
883153 0202500000000,2025,Keyword: AMH ADDISON,000001750979AMH ADDISON DEVELOPMENT LLC F000000000000 ATTN : PROPERTY TAX DEPT 23975 PARK SORRENTO STE 300 CALABASAS CA 913024012 FF,2025
883154 0202500000000,2025,Keyword: AMH ADDISON,000002036815HAMMONDS WILLIAM BRODY & ELIANA F000000000000 5809 MONMARTE CV AUSTIN TX 787445903 FF,2025
883155 0202500000000,2025,Keyword: AMH ADDISON,000001750979AMH ADDISON DEVELOPMENT LLC F000000000000 ATTN : PROPERTY TAX DEPT 23975 PARK SORRENTO STE 300 CALABASAS CA 913024012 FF,2025
883156 0202500000000,2025,Keyword: AMH ADDISON,000001750979AMH ADDISON DEVELOPMENT LLC F000000000000 ATTN : PROPERTY TAX DEPT 23975 PARK SORRENTO STE 300 CALABASAS CA 913024012 FF,2025
883157 0202500000000,2025,Keyword: AMH ADDISON,000001750979AMH ADDISON DEVELOPMENT LLC F000000000000 ATTN : PROPERTY TAX DEPT 23975 PARK SORRENTO STE 300 CALABASAS CA 913024012 FF,2025
883158 0202500000000,2025,Keyword: AMH ADDISON,000001750979AMH ADDISON DEVELOPMENT LLC F000000000000 ATTN : PROPERTY TAX DEPT 23975 PARK SORRENTO STE 300 CALABASAS CA 913024012 FF,2025
883159 0202500000000,2025,Keyword: AMH ADDISON,000001750979AMH ADDISON DEVELOPMENT LLC F000000000000 ATTN : PROPERTY TAX DEPT 23975 PARK SORRENTO STE 300 CALABASAS CA 913024012 FF,2025
883160 0202500000000,2025,Keyword: AMH ADDISON,000001750979AMH ADDISON DEVELOPMENT LLC F000000000000 ATTN : PROPERTY TAX DEPT 23975 PARK SORRENTO STE 300 CALABASAS CA 913024012 FF,2025
883161 0202500000000,2025,Keyword: AMH ADDISON,000001750979AMH ADDISON DEVELOPMENT LLC F000000000000 ATTN : PROPERTY TAX DEPT 23975 PARK SORRENTO STE 300 CALABASAS CA 913024012 FF,2025
883162 0202500000000,2025,Keyword: AMH ADDISON,000001750979AMH ADDISON DEVELOPMENT LLC F000000000000 ATTN : PROPERTY TAX DEPT 23975 PARK SORRENTO STE 300 CALABASAS CA 913024012 FF,2025
883163 0202500000000,2025,Keyword: AMH ADDISON,000001750979AMH ADDISON DEVELOPMENT LLC F000000000000 ATTN : PROPERTY TAX DEPT 23975 PARK SORRENTO STE 300 CALABASAS CA 913024012 FF,2025
883164 0202500000000,2025,Keyword: AMH ADDISON,000001750979AMH ADDISON DEVELOPMENT LLC F000000000000 ATTN : PROPERTY TAX DEPT 23975 PARK SORRENTO STE 300 CALABASAS CA 913024012 FF,2025
883165 0202500000000,2025,Keyword: AMH ADDISON,000001750979AMH ADDISON DEVELOPMENT LLC F000000000000 ATTN : PROPERTY TAX DEPT 23975 PARK SORRENTO STE 300 CALABASAS CA 913024012 FF,2025
883166 0202500000000,2025,Keyword: AMH ADDISON,000001750979AMH ADDISON DEVELOPMENT LLC F000000000000 ATTN : PROPERTY TAX DEPT 23975 PARK SORRENTO STE 300 CALABASAS CA 913024012 FF,2025
883168 0202500000000,2025,Keyword: AMH ADDISON,000001750979AMH ADDISON DEVELOPMENT LLC F000000000000 ATTN : PROPERTY TAX DEPT 23975 PARK SORRENTO STE 300 CALABASAS CA 913024012 FF,2025
883169 0202500000000,2025,Keyword: AMH ADDISON,000001750979AMH ADDISON DEVELOPMENT LLC F000000000000 ATTN : PROPERTY TAX DEPT 23975 PARK SORRENTO STE 300 CALABASAS CA 913024012 FF,2025
883170 0202500000000,2025,Keyword: AMH TX PROPERTIES,000001929820AMH TX PROPERTIES LP F000000000000 23975 PARK SORRENTO STE 300 CALABASAS CA 913024012 FF,2025
883171    0202500000000,,Keyword: AMERICAN HOMES 4 RENT,nan,nan
883171 0202500000000,2025,Keyword: AMERICAN HOMES 4 RENT TRS,000002039861DESANTIAGO JESSICA N F000000000000 8104 TURNBERRY LN AUSTIN TX 787445901 FF,2025
883172 0202500000000,2025,Keyword: AMH ADDISON,000001750979AMH ADDISON DEVELOPMENT LLC F000000000000 ATTN : PROPERTY TAX DEPT 23975 PARK SORRENTO STE 300 CALABASAS CA 913024012 FF,2025
883173    0202500000000,,Keyword: AMERICAN HOMES 4 RENT,nan,nan
883173 0202500000000,2025,Keyword: AMERICAN HOMES 4 RENT TRS,000002022397AMERICAN HOMES 4 RENT TRS LLC F000000000000 23975 PARK SORRENTO STE 300 CALABASAS CA 913024012 FF,2025
883174 0202500000000,2025,Keyword: AMH ADDISON,000001750979AMH ADDISON DEVELOPMENT LLC F000000000000 ATTN : PROPERTY TAX DEPT 23975 PARK SORRENTO STE 300 CALABASAS CA 913024012 FF,2025
883175 0202500000000,2025,Keyword: AMH ADDISON,000001750979AMH ADDISON DEVELOPMENT LLC F000000000000 ATTN : PROPERTY TAX DEPT 23975 PARK SORRENTO STE 300 CALABASAS CA 913024012 FF,2025
883176 0202500000000,2025,Keyword: AMH ADDISON,000001750979AMH ADDISON DEVELOPMENT LLC F000000000000 ATTN : PROPERTY TAX DEPT 23975 PARK SORRENTO STE 300 CALABASAS CA 913024012 FF,2025
883177 0202500000000,2025,Keyword: AMH ADDISON,000001750979AMH ADDISON DEVELOPMENT LLC F000000000000 ATTN : PROPERTY TAX DEPT 23975 PARK SORRENTO STE 300 CALABASAS CA 913024012 FF,2025
883178 0202500000000,2025,Keyword: AMH ADDISON,000001750979AMH ADDISON DEVELOPMENT LLC F000000000000 ATTN : PROPERTY TAX DEPT 23975 PARK SORRENTO STE 300 CALABASAS CA 913024012 FF,2025
883179 0202500000000,2025,Keyword: AMH ADDISON,000001750979AMH ADDISON DEVELOPMENT LLC F000000000000 ATTN : PROPERTY TAX DEPT 23975 PARK SORRENTO STE 300 CALABASAS CA 913024012 FF,2025
883180 0202500000000,2025,Keyword: AMH TX PROPERTIES,000001929820AMH TX PROPERTIES LP F000000000000 23975 PARK SORRENTO STE 300 CALABASAS CA 913024012 FF,2025
883181    0202500000000,,Keyword: AMERICAN HOMES 4 RENT,nan,nan
883181 0202500000000,2025,Keyword: AMERICAN HOMES 4 RENT TRS,000002039145GONZALEZ ADULFA SANTIBANEZ F000000000000 8021 TURNBERRY LN AUSTIN TX 787445900 FF,2025
883182 0202500000000,2025,Keyword: AMH ADDISON,000001750979AMH ADDISON DEVELOPMENT LLC F000000000000 ATTN : PROPERTY TAX DEPT 23975 PARK SORRENTO STE 300 CALABASAS CA 913024012 FF,2025
883183    0202500000000,,Keyword: AMERICAN HOMES 4 RENT,nan,nan
883183 0202500000000,2025,Keyword: AMERICAN HOMES 4 RENT TRS,000002037650MARTINEZ RICHARD CHARLES & F000000000000 ROSIE DAVILA 8105 TURNBERRY LN AUSTIN TX 787445901 FF,2025
883184 0202500000000,2025,Keyword: AMH ADDISON,000001750979AMH ADDISON DEVELOPMENT LLC F000000000000 ATTN : PROPERTY TAX DEPT 23975 PARK SORRENTO STE 300 CALABASAS CA 913024012 FF,2025
883185 0202500000000,2025,Keyword: AMH ADDISON,000001750979AMH ADDISON DEVELOPMENT LLC F000000000000 ATTN : PROPERTY TAX DEPT 23975 PARK SORRENTO STE 300 CALABASAS CA 913024012 FF,2025
883186 0202500000000,2025,Keyword: AMH ADDISON,000001750979AMH ADDISON DEVELOPMENT LLC F000000000000 ATTN : PROPERTY TAX DEPT 23975 PARK SORRENTO STE 300 CALABASAS CA 913024012 FF,2025
883187 0202500000000,2025,Keyword: AMH ADDISON,000001750979AMH ADDISON DEVELOPMENT LLC F000000000000 ATTN : PROPERTY TAX DEPT 23975 PARK SORRENTO STE 300 CALABASAS CA 913024012 FF,2025
883188 0202500000000,2025,Keyword: AMH ADDISON,000001750979AMH ADDISON DEVELOPMENT LLC F000000000000 ATTN : PROPERTY TAX DEPT 23975 PARK SORRENTO STE 300 CALABASAS CA 913024012 FF,2025
883189 0202500000000,2025,Keyword: AMH ADDISON,000001750979AMH ADDISON DEVELOPMENT LLC F000000000000 ATTN : PROPERTY TAX DEPT 23975 PARK SORRENTO STE 300 CALABASAS CA 913024012 FF,2025
883190 0202500000000,2025,Keyword: AMH ADDISON,000001750979AMH ADDISON DEVELOPMENT LLC F000000000000 ATTN : PROPERTY TAX DEPT 23975 PARK SORRENTO STE 300 CALABASAS CA 913024012 FF,2025
883191 0202500000000,2025,Keyword: AMH ADDISON,000001750979AMH ADDISON DEVELOPMENT LLC F000000000000 ATTN : PROPERTY TAX DEPT 23975 PARK SORRENTO STE 300 CALABASAS CA 913024012 FF,2025
883192 0202500000000,2025,Keyword: AMH ADDISON,000001750979AMH ADDISON DEVELOPMENT LLC F000000000000 ATTN : PROPERTY TAX DEPT 23975 PARK SORRENTO STE 300 CALABASAS CA 913024012 FF,2025
883193 0202500000000,2025,Keyword: AMH ADDISON,000001750979AMH ADDISON DEVELOPMENT LLC F000000000000 ATTN : PROPERTY TAX DEPT 23975 PARK SORRENTO STE 300 CALABASAS CA 913024012 FF,2025
883194 0202500000000,2025,Keyword: AMH ADDISON,000001750979AMH ADDISON DEVELOPMENT LLC F000000000000 ATTN : PROPERTY TAX DEPT 23975 PARK SORRENTO STE 300 CALABASAS CA 913024012 FF,2025
883195 0202500000000,2025,Keyword: AMH ADDISON,000001750979AMH ADDISON DEVELOPMENT LLC F000000000000 ATTN : PROPERTY TAX DEPT 23975 PARK SORRENTO STE 300 CALABASAS CA 913024012 FF,2025
883196    0202500000000,,Keyword: AMERICAN HOMES 4 RENT,nan,nan
883196 0202500000000,2025,Keyword: AMERICAN HOMES 4 RENT TRS,000002036356JIMENEZ STEVEN PAUL JR F000000000000 8008 DAMPTON LN AUSTIN TX 787445914 FF,2025
883197    0202500000000,,Keyword: AMERICAN HOMES 4 RENT,nan,nan
883197 0202500000000,2025,Keyword: AMERICAN HOMES 4 RENT TRS,000002036025FOLMAR SHAWN F000000000000 8006 DAMPTON LN AUSTIN TX 787445914 FF,2025
883198 0202500000000,2025,Keyword: AMH ADDISON,000001750979AMH ADDISON DEVELOPMENT LLC F000000000000 ATTN : PROPERTY TAX DEPT 23975 PARK SORRENTO STE 300 CALABASAS CA 913024012 FF,2025
883199 0202500000000,2025,Keyword: AMH ADDISON,000001750979AMH ADDISON DEVELOPMENT LLC F000000000000 ATTN : PROPERTY TAX DEPT 23975 PARK SORRENTO STE 300 CALABASAS CA 913024012 FF,2025
883200 0202500000000,2025,Keyword: AMH TX PROPERTIES,000001929820AMH TX PROPERTIES LP F000000000000 23975 PARK SORRENTO STE 300 CALABASAS CA 913024012 FF,2025
883201 0202500000000,2025,Keyword: AMH ADDISON,000001750979AMH ADDISON DEVELOPMENT LLC F000000000000 ATTN : PROPERTY TAX DEPT 23975 PARK SORRENTO STE 300 CALABASAS CA 913024012 FF,2025
883202    0202500000000,,Keyword: AMERICAN HOMES 4 RENT,nan,nan
883202 0202500000000,2025,Keyword: AMERICAN HOMES 4 RENT TRS,000002035655PARSONS KEALAN F000000000000 5601 WINDMIER CIR DALLAS TX 752525006 FF,2025
883203 0202500000000,2025,Keyword: AMH TX PROPERTIES,000001929820AMH TX PROPERTIES LP F000000000000 23975 PARK SORRENTO STE 300 CALABASAS CA 913024012 FF,2025
883204 0202500000000,2025,Keyword: AMH ADDISON,000001750979AMH ADDISON DEVELOPMENT LLC F000000000000 ATTN : PROPERTY TAX DEPT 23975 PARK SORRENTO STE 300 CALABASAS CA 913024012 FF,2025
883205 0202500000000,2025,Keyword: AMH ADDISON,000001750979AMH ADDISON DEVELOPMENT LLC F000000000000 ATTN : PROPERTY TAX DEPT 23975 PARK SORRENTO STE 300 CALABASAS CA 913024012 FF,2025
883206 0202500000000,2025,Keyword: AMH ADDISON,000001750979AMH ADDISON DEVELOPMENT LLC F000000000000 ATTN : PROPERTY TAX DEPT 23975 PARK SORRENTO STE 300 CALABASAS CA 913024012 FF,2025
883207    0202500000000,,Keyword: AMERICAN HOMES 4 RENT,nan,nan
883207 0202500000000,2025,Keyword: AMERICAN HOMES 4 RENT TRS,000002022397AMERICAN HOMES 4 RENT TRS LLC F000000000000 23975 PARK SORRENTO STE 300 CALABASAS CA 913024012 FF,2025
883208 0202500000000,2025,Keyword: AMH ADDISON,000001750979AMH ADDISON DEVELOPMENT LLC F000000000000 ATTN : PROPERTY TAX DEPT 23975 PARK SORRENTO STE 300 CALABASAS CA 913024012 FF,2025
883209    0202500000000,,Keyword: AMERICAN HOMES 4 RENT,nan,nan
883209 0202500000000,2025,Keyword: AMERICAN HOMES 4 RENT TRS,000002022397AMERICAN HOMES 4 RENT TRS LLC F000000000000 23975 PARK SORRENTO STE 300 CALABASAS CA 913024012 FF,2025
883210 0202500000000,2025,Keyword: AMH ADDISON,000001750979AMH ADDISON DEVELOPMENT LLC F000000000000 ATTN : PROPERTY TAX DEPT 23975 PARK SORRENTO STE 300 CALABASAS CA 913024012 FF,2025
883211 0202500000000,2025,Keyword: AMH ADDISON,000001750979AMH ADDISON DEVELOPMENT LLC F000000000000 ATTN : PROPERTY TAX DEPT 23975 PARK SORRENTO STE 300 CALABASAS CA 913024012 FF,2025
883212 0202500000000,2025,Keyword: AMH ADDISON,000001750979AMH ADDISON DEVELOPMENT LLC F000000000000 ATTN : PROPERTY TAX DEPT 23975 PARK SORRENTO STE 300 CALABASAS CA 913024012 FF,2025
883213 0202500000000,2025,Keyword: AMH ADDISON,000001750979AMH ADDISON DEVELOPMENT LLC F000000000000 ATTN : PROPERTY TAX DEPT 23975 PARK SORRENTO STE 300 CALABASAS CA 913024012 FF,2025
883214 0202500000000,2025,Keyword: AMH ADDISON,000001750979AMH ADDISON DEVELOPMENT LLC F000000000000 ATTN : PROPERTY TAX DEPT 23975 PARK SORRENTO STE 300 CALABASAS CA 913024012 FF,2025
883217 0202500000000,2025,Keyword: AMH ADDISON,000001750979AMH ADDISON DEVELOPMENT LLC F000000000000 ATTN : PROPERTY TAX DEPT 23975 PARK SORRENTO STE 300 CALABASAS CA 913024012 FF,2025
883218 0202500000000,2025,Keyword: AMH ADDISON,000001750979AMH ADDISON DEVELOPMENT LLC F000000000000 ATTN : PROPERTY TAX DEPT 23975 PARK SORRENTO STE 300 CALABASAS CA 913024012 FF,2025
883219 0202500000000,2025,Keyword: AMH ADDISON,000001750979AMH ADDISON DEVELOPMENT LLC F000000000000 ATTN : PROPERTY TAX DEPT 23975 PARK SORRENTO STE 300 CALABASAS CA 913024012 FF,2025
883220 0202500000000,2025,Keyword: AMH ADDISON,000001750979AMH ADDISON DEVELOPMENT LLC F000000000000 ATTN : PROPERTY TAX DEPT 23975 PARK SORRENTO STE 300 CALABASAS CA 913024012 FF,2025
883221    0202500000000,,Keyword: AMERICAN HOMES 4 RENT,nan,nan
883221 0202500000000,2025,Keyword: AMERICAN HOMES 4 RENT TRS,000002022397AMERICAN HOMES 4 RENT TRS LLC F000000000000 23975 PARK SORRENTO STE 300 CALABASAS CA 913024012 FF,2025
883222    0202500000000,,Keyword: AMERICAN HOMES 4 RENT,nan,nan
883222 0202500000000,2025,Keyword: AMERICAN HOMES 4 RENT TRS,000002022397AMERICAN HOMES 4 RENT TRS LLC F000000000000 23975 PARK SORRENTO STE 300 CALABASAS CA 913024012 FF,2025
883223 0202500000000,2025,Keyword: AMH ADDISON,000001750979AMH ADDISON DEVELOPMENT LLC F000000000000 ATTN : PROPERTY TAX DEPT 23975 PARK SORRENTO STE 300 CALABASAS CA 913024012 FF,2025
883224 0202500000000,2025,Keyword: AMH ADDISON,000001750979AMH ADDISON DEVELOPMENT LLC F000000000000 ATTN : PROPERTY TAX DEPT 23975 PARK SORRENTO STE 300 CALABASAS CA 913024012 FF,2025
883225 0202500000000,2025,Keyword: AMH ADDISON,000001750979AMH ADDISON DEVELOPMENT LLC F000000000000 ATTN : PROPERTY TAX DEPT 23975 PARK SORRENTO STE 300 CALABASAS CA 913024012 FF,2025
883226 0202500000000,2025,Keyword: AMH ADDISON,000001750979AMH ADDISON DEVELOPMENT LLC F000000000000 ATTN : PROPERTY TAX DEPT 23975 PARK SORRENTO STE 300 CALABASAS CA 913024012 FF,2025
883227 0202500000000,2025,Keyword: AMH ADDISON,000001750979AMH ADDISON DEVELOPMENT LLC F000000000000 ATTN : PROPERTY TAX DEPT 23975 PARK SORRENTO STE 300 CALABASAS CA 913024012 FF,2025
883228 0202500000000,2025,Keyword: AMH TX PROPERTIES,000001929820AMH TX PROPERTIES LP F000000000000 23975 PARK SORRENTO STE 300 CALABASAS CA 913024012 FF,2025
883229 0202500000000,2025,Keyword: AMH ADDISON,000001750979AMH ADDISON DEVELOPMENT LLC F000000000000 ATTN : PROPERTY TAX DEPT 23975 PARK SORRENTO STE 300 CALABASAS CA 913024012 FF,2025
883230 0202500000000,2025,Keyword: AMH ADDISON,000001750979AMH ADDISON DEVELOPMENT LLC F000000000000 ATTN : PROPERTY TAX DEPT 23975 PARK SORRENTO STE 300 CALABASAS CA 913024012 FF,2025
883231 0202500000000,2025,Keyword: AMH ADDISON,000001750979AMH ADDISON DEVELOPMENT LLC F000000000000 ATTN : PROPERTY TAX DEPT 23975 PARK SORRENTO STE 300 CALABASAS CA 913024012 FF,2025
883232 0202500000000,2025,Keyword: AMH ADDISON,000001750979AMH ADDISON DEVELOPMENT LLC F000000000000 ATTN : PROPERTY TAX DEPT 23975 PARK SORRENTO STE 300 CALABASAS CA 913024012 FF,2025
883233 0202500000000,2025,Keyword: AMH ADDISON,000001750979AMH ADDISON DEVELOPMENT LLC F000000000000 ATTN : PROPERTY TAX DEPT 23975 PARK SORRENTO STE 300 CALABASAS CA 913024012 FF,2025
883234 0202500000000,2025,Keyword: AMH ADDISON,000001750979AMH ADDISON DEVELOPMENT LLC F000000000000 ATTN : PROPERTY TAX DEPT 23975 PARK SORRENTO STE 300 CALABASAS CA 913024012 FF,2025
883235 0202500000000,2025,Keyword: AMH ADDISON,000001750979AMH ADDISON DEVELOPMENT LLC F000000000000 ATTN : PROPERTY TAX DEPT 23975 PARK SORRENTO STE 300 CALABASAS CA 913024012 FF,2025
883236 0202500000000,2025,Keyword: AMH ADDISON,000001750979AMH ADDISON DEVELOPMENT LLC F000000000000 ATTN : PROPERTY TAX DEPT 23975 PARK SORRENTO STE 300 CALABASAS CA 913024012 FF,2025
883237 0202500000000,2025,Keyword: AMH ADDISON,000001750979AMH ADDISON DEVELOPMENT LLC F000000000000 ATTN : PROPERTY TAX DEPT 23975 PARK SORRENTO STE 300 CALABASAS CA 913024012 FF,2025
883238 0202500000000,2025,Keyword: AMH ADDISON,000001750979AMH ADDISON DEVELOPMENT LLC F000000000000 ATTN : PROPERTY TAX DEPT 23975 PARK SORRENTO STE 300 CALABASAS CA 913024012 FF,2025
883239 0202500000000,2025,Keyword: AMH ADDISON,000001750979AMH ADDISON DEVELOPMENT LLC F000000000000 ATTN : PROPERTY TAX DEPT 23975 PARK SORRENTO STE 300 CALABASAS CA 913024012 FF,2025
883242 0202500000000,2025,Keyword: AMH ADDISON,000001750979AMH ADDISON DEVELOPMENT LLC F000000000000 ATTN : PROPERTY TAX DEPT 23975 PARK SORRENTO STE 300 CALABASAS CA 913024012 FF,2025
883243    0202500000000,,Keyword: AMERICAN HOMES 4 RENT,nan,nan
883243 0202500000000,2025,Keyword: AMERICAN HOMES 4 RENT TRS,000002022397AMERICAN HOMES 4 RENT TRS LLC F000000000000 23975 PARK SORRENTO STE 300 CALABASAS CA 913024012 FF,2025
883244 0202500000000,2025,Keyword: AMH TX PROPERTIES,000001929820AMH TX PROPERTIES LP F000000000000 23975 PARK SORRENTO STE 300 CALABASAS CA 913024012 FF,2025
883245 0202500000000,2025,Keyword: AMH ADDISON,000001750979AMH ADDISON DEVELOPMENT LLC F000000000000 ATTN : PROPERTY TAX DEPT 23975 PARK SORRENTO STE 300 CALABASAS CA 913024012 FF,2025
883246 0202500000000,2025,Keyword: AMH ADDISON,000001750979AMH ADDISON DEVELOPMENT LLC F000000000000 ATTN : PROPERTY TAX DEPT 23975 PARK SORRENTO STE 300 CALABASAS CA 913024012 FF,2025
883249 0202500000000,2025,Keyword: AMH ADDISON,000001750979AMH ADDISON DEVELOPMENT LLC F000000000000 ATTN : PROPERTY TAX DEPT 23975 PARK SORRENTO STE 300 CALABASAS CA 913024012 FF,2025
883250 0202500000000,2025,Keyword: AMH ADDISON,000001750979AMH ADDISON DEVELOPMENT LLC F000000000000 ATTN : PROPERTY TAX DEPT 23975 PARK SORRENTO STE 300 CALABASAS CA 913024012 FF,2025
883251 0202500000000,2025,Keyword: AMH TX PROPERTIES,000001929820AMH TX PROPERTIES LP F000000000000 23975 PARK SORRENTO STE 300 CALABASAS CA 913024012 FF,2025
883252 0202500000000,2025,Keyword: AMH ADDISON,000001750979AMH ADDISON DEVELOPMENT LLC F000000000000 ATTN : PROPERTY TAX DEPT 23975 PARK SORRENTO STE 300 CALABASAS CA 913024012 FF,2025
883253 0202500000000,2025,Keyword: AMH ADDISON,000001750979AMH ADDISON DEVELOPMENT LLC F000000000000 ATTN : PROPERTY TAX DEPT 23975 PARK SORRENTO STE 300 CALABASAS CA 913024012 FF,2025
883254 0202500000000,2025,Keyword: AMH ADDISON,000001750979AMH ADDISON DEVELOPMENT LLC F000000000000 ATTN : PROPERTY TAX DEPT 23975 PARK SORRENTO STE 300 CALABASAS CA 913024012 FF,2025
883255 0202500000000,2025,Keyword: AMH ADDISON,000001750979AMH ADDISON DEVELOPMENT LLC F000000000000 ATTN : PROPERTY TAX DEPT 23975 PARK SORRENTO STE 300 CALABASAS CA 913024012 FF,2025
883256 0202500000000,2025,Keyword: AMH ADDISON,000001750979AMH ADDISON DEVELOPMENT LLC F000000000000 ATTN : PROPERTY TAX DEPT 23975 PARK SORRENTO STE 300 CALABASAS CA 913024012 FF,2025
883257 0202500000000,2025,Keyword: AMH ADDISON,000001750979AMH ADDISON DEVELOPMENT LLC F000000000000 ATTN : PROPERTY TAX DEPT 23975 PARK SORRENTO STE 300 CALABASAS CA 913024012 FF,2025
883258 0202500000000,2025,Keyword: AMH ADDISON,000001750979AMH ADDISON DEVELOPMENT LLC F000000000000 ATTN : PROPERTY TAX DEPT 23975 PARK SORRENTO STE 300 CALABASAS CA 913024012 FF,2025
883259 0202500000000,2025,Keyword: AMH ADDISON,000001750979AMH ADDISON DEVELOPMENT LLC F000000000000 ATTN : PROPERTY TAX DEPT 23975 PARK SORRENTO STE 300 CALABASAS CA 913024012 FF,2025
885327    0202500000000,,Keyword: AH4R,nan,nan
885327 0202500000000,2025,Keyword: AH4R,000001720523AH4R PROPERTIES LLC F000000000000 ATTN : PROPERTY TAX DEPT 23975 PARK SORRENTO STE 300 CALABASAS CA 913024012 FF,2025
885365    0202500000000,,Keyword: AH4R,nan,nan
885365 0202500000000,2025,Keyword: AH4R,000001720523AH4R PROPERTIES LLC F000000000000 ATTN : PROPERTY TAX DEPT 23975 PARK SORRENTO STE 300 CALABASAS CA 913024012 FF,2025
885386    0202500000000,,Keyword: AH4R,nan,nan
885386 0202500000000,2025,Keyword: AH4R,000001720523AH4R PROPERTIES LLC F000000000000 ATTN : PROPERTY TAX DEPT 23975 PARK SORRENTO STE 300 CALABASAS CA 913024012 FF,2025
885397    0202500000000,,Keyword: AH4R,nan,nan
885397 0202500000000,2025,Keyword: AH4R,000001720523AH4R PROPERTIES LLC F000000000000 ATTN : PROPERTY TAX DEPT 23975 PARK SORRENTO STE 300 CALABASAS CA 913024012 FF,2025
885406    0202500000000,,Keyword: AH4R,nan,nan
885406 0202500000000,2025,Keyword: AH4R,000001720523AH4R PROPERTIES LLC F000000000000 ATTN : PROPERTY TAX DEPT 23975 PARK SORRENTO STE 300 CALABASAS CA 913024012 FF,2025
885414    0202500000000,,Keyword: AH4R,nan,nan
885414 0202500000000,2025,Keyword: AH4R,000001720523AH4R PROPERTIES LLC F000000000000 ATTN : PROPERTY TAX DEPT 23975 PARK SORRENTO STE 300 CALABASAS CA 913024012 FF,2025
887251P    0202500000000,,Mailing: 94105,nan,nan
888589    0202500000000,,Keyword: PROGRESS RESIDENTIAL,nan,nan
888589 0202500000000,2025,Keyword: PROGRESS RESIDENTIAL BORROWER,000001940622PROGRESS RESIDENTIAL BORROWER 19 LLC F000000000000 PO BOX 4090 SCOTTSDALE AZ 852614090 FF,2025
888806    0202500000000,,Keyword: PROGRESS RESIDENTIAL,nan,nan
888806 0202500000000,2025,Keyword: PROGRESS RESIDENTIAL BORROWER,000001915779PROGRESS RESIDENTIAL BORROWER 18 LLC F000000000000 PO BOX 4090 SCOTTSDALE AZ 852614090 FF,2025
891516    0202500000000,,Keyword: AH4R,nan,nan
891516 0202500000000,2025,Keyword: AH4R,000001720523AH4R PROPERTIES LLC F000000000000 ATTN : PROPERTY TAX DEPT 23975 PARK SORRENTO STE 300 CALABASAS CA 913024012 FF,2025
891526    0202500000000,,Keyword: AH4R,nan,nan
891526 0202500000000,2025,Keyword: AH4R,000001720523AH4R PROPERTIES LLC F000000000000 ATTN : PROPERTY TAX DEPT 23975 PARK SORRENTO STE 300 CALABASAS CA 913024012 FF,2025
891533    0202500000000,,Keyword: AH4R,nan,nan
891533 0202500000000,2025,Keyword: AH4R,000001720523AH4R PROPERTIES LLC F000000000000 ATTN : PROPERTY TAX DEPT 23975 PARK SORRENTO STE 300 CALABASAS CA 913024012 FF,2025
891542    0202500000000,,Keyword: AH4R,nan,nan
891542 0202500000000,2025,Keyword: AH4R,000001720523AH4R PROPERTIES LLC F000000000000 ATTN : PROPERTY TAX DEPT 23975 PARK SORRENTO STE 300 CALABASAS CA 913024012 FF,2025
892400    0202500000000,,Keyword: AH4R,nan,nan
892400 0202500000000,2025,Keyword: AH4R,"000001769254AH4R PROPERTIES, LLC F000000000000 ATTN : PROPERTY TAX DEPT 23975 PARK SORRENTO STE 300 CALABASAS CA 913024012 FF",2025
892409    0202500000000,,Keyword: AH4R,nan,nan
892409 0202500000000,2025,Keyword: AH4R,000001720523AH4R PROPERTIES LLC F000000000000 ATTN : PROPERTY TAX DEPT 23975 PARK SORRENTO STE 300 CALABASAS CA 913024012 FF,2025
892435    0202500000000,,Keyword: AH4R,nan,nan
892435 0202500000000,2025,Keyword: AH4R,000001720523AH4R PROPERTIES LLC F000000000000 ATTN : PROPERTY TAX DEPT 23975 PARK SORRENTO STE 300 CALABASAS CA 913024012 FF,2025
892437    0202500000000,,Keyword: AH4R,nan,nan
892437 0202500000000,2025,Keyword: AH4R,000001720523AH4R PROPERTIES LLC F000000000000 ATTN : PROPERTY TAX DEPT 23975 PARK SORRENTO STE 300 CALABASAS CA 913024012 FF,2025
896216    0202500000000,,Keyword: TRICON,nan,nan
896216 0202500000000,2025,Keyword: SFR JV-HD,000002006223SFR JV-HD 2024-1 BORROWER LLC F000000000000 % TRICON AMERICAN HOMES LLC 15771 RED HILL AVE STE 100 TUSTIN CA 927807333 FF,2025
910728    0202500000000,,Keyword: TRICON,nan,nan
910728 0202500000000,2025,Keyword: SFR JV-HD,000002006223SFR JV-HD 2024-1 BORROWER LLC F000000000000 % TRICON AMERICAN HOMES LLC 15771 RED HILL AVE STE 100 TUSTIN CA 927807333 FF,2025
914736    0202500000000,,Keyword: TRICON,nan,nan
914736 0202500000000,2025,Keyword: SFR JV-HD,000002006223SFR JV-HD 2024-1 BORROWER LLC F000000000000 % TRICON AMERICAN HOMES LLC 15771 RED HILL AVE STE 100 TUSTIN CA 927807333 FF,2025
916254    0202500000000,,Keyword: TRICON,nan,nan
916254 0202500000000,2025,Keyword: SFR JV-HD,000002006223SFR JV-HD 2024-1 BORROWER LLC F000000000000 % TRICON AMERICAN HOMES LLC 15771 RED HILL AVE STE 100 TUSTIN CA 927807333 FF,2025
919886    0202500000000,,Keyword: TRICON,nan,nan
919886 0202500000000,2025,Keyword: SFR JV-HD,000002006223SFR JV-HD 2024-1 BORROWER LLC F000000000000 % TRICON AMERICAN HOMES LLC 15771 RED HILL AVE STE 100 TUSTIN CA 927807333 FF,2025
919972 0202500000000,2025,Keyword: SFR JV-HD,000001969009SFR JV-HD TL BORROWER B LLC F000000000000 15771 RED HILL AVE STE 100 TUSTIN CA 927807333 FF,2025
922257P    0202500000000,,Keyword: AMERICAN HOMES 4 RENT,nan,nan
922257P 0202500000000,2025,Keyword: AMERICAN HOMES 4 RENT LP,000001581934AMERICAN HOMES 4 RENT LP F000000000000 C/O INDIRECT TAX - BPP PO BOX 8759 CALABASAS CA 913728759 FF,2025
923745    0202500000000,,Keyword: TRICON,nan,nan
923745 0202500000000,2025,Keyword: SFR JV-HD,000002006223SFR JV-HD 2024-1 BORROWER LLC F000000000000 % TRICON AMERICAN HOMES LLC 15771 RED HILL AVE STE 100 TUSTIN CA 927807333 FF,2025
926908    0202500000000,,Keyword: TRICON,nan,nan
926908 0202500000000,2025,Keyword: SFR JV-HD,000002006223SFR JV-HD 2024-1 BORROWER LLC F000000000000 % TRICON AMERICAN HOMES LLC 15771 RED HILL AVE STE 100 TUSTIN CA 927807333 FF,2025
931900    0202500000000,,Keyword: TRICON,nan,nan
931900 0202500000000,2025,Keyword: SFR JV-HD,000002006223SFR JV-HD 2024-1 BORROWER LLC F000000000000 % TRICON AMERICAN HOMES LLC 15771 RED HILL AVE STE 100 TUSTIN CA 927807333 FF,2025
933791P    0202500000000,,Mailing: 75201,nan,nan
946437    0202500000000,,Keyword: TRICON,nan,nan
946437 0202500000000,2025,Keyword: SFR JV-HD,000002006223SFR JV-HD 2024-1 BORROWER LLC F000000000000 % TRICON AMERICAN HOMES LLC 15771 RED HILL AVE STE 100 TUSTIN CA 927807333 FF,2025
946439    0202500000000,,Keyword: TRICON,nan,nan
946439 0202500000000,2025,Keyword: SFR JV-HD,000002006223SFR JV-HD 2024-1 BORROWER LLC F000000000000 % TRICON AMERICAN HOMES LLC 15771 RED HILL AVE STE 100 TUSTIN CA 927807333 FF,2025
946542    0202500000000,,Keyword: TRICON,nan,nan
946542 0202500000000,2025,Keyword: SFR JV-HD,000002006223SFR JV-HD 2024-1 BORROWER LLC F000000000000 % TRICON AMERICAN HOMES LLC 15771 RED HILL AVE STE 100 TUSTIN CA 927807333 FF,2025
946544    0202500000000,,Keyword: TRICON,nan,nan
946544 0202500000000,2025,Keyword: SFR JV-HD,000002006223SFR JV-HD 2024-1 BORROWER LLC F000000000000 % TRICON AMERICAN HOMES LLC 15771 RED HILL AVE STE 100 TUSTIN CA 927807333 FF,2025
946545    0202500000000,,Keyword: TRICON,nan,nan
946545 0202500000000,2025,Keyword: SFR JV-HD,000002006223SFR JV-HD 2024-1 BORROWER LLC F000000000000 % TRICON AMERICAN HOMES LLC 15771 RED HILL AVE STE 100 TUSTIN CA 927807333 FF,2025
946548    0202500000000,,Keyword: TRICON,nan,nan
946548 0202500000000,2025,Keyword: SFR JV-HD,000002006223SFR JV-HD 2024-1 BORROWER LLC F000000000000 % TRICON AMERICAN HOMES LLC 15771 RED HILL AVE STE 100 TUSTIN CA 927807333 FF,2025
946549    0202500000000,,Keyword: TRICON,nan,nan
946549 0202500000000,2025,Keyword: SFR JV-HD,000002006223SFR JV-HD 2024-1 BORROWER LLC F000000000000 % TRICON AMERICAN HOMES LLC 15771 RED HILL AVE STE 100 TUSTIN CA 927807333 FF,2025
946569    0202500000000,,Keyword: TRICON,nan,nan
946569 0202500000000,2025,Keyword: SFR JV-HD,000002006223SFR JV-HD 2024-1 BORROWER LLC F000000000000 % TRICON AMERICAN HOMES LLC 15771 RED HILL AVE STE 100 TUSTIN CA 927807333 FF,2025
946571    0202500000000,,Keyword: TRICON,nan,nan
946571 0202500000000,2025,Keyword: SFR JV-HD,000002006223SFR JV-HD 2024-1 BORROWER LLC F000000000000 % TRICON AMERICAN HOMES LLC 15771 RED HILL AVE STE 100 TUSTIN CA 927807333 FF,2025
954595 0202500000000,2025,Keyword: PROGRESS AUSTIN LLC,000001898661PROGRESS AUSTIN LLC F000000000000 PO BOX 4090 SCOTTSDALE AZ US 852614090 FF,2025
970108P    0202500000000,,Mailing: 94105,nan,nan
983332P    0202500000000,,Mailing: 94105,nan,nan
AH4R PROPERTIES LLC,2021,Keyword: AH4R,TU2 | 2024 | 227 | 227266 | 04 | 5 | AH4R PROPERTIES LLC | 4848415 | 4848415 | 227,2021 -> 2022 -> 2023 -> 2024
AMH 2014-1 BORROWER LLC,2021,Keyword: AMH 2014,TU2 | 2024 | 227 | 227201 | 05 | 3 | AMH 2014-1 BORROWER LLC | 743014 | 743014 | 227,2021 -> 2022 -> 2023 -> 2024
AMH 2014-2 BORROWER LLC,2021,Keyword: AMH 2014,TU2 | 2024 | 227 | 227257 | 04 | 9 | AMH 2014-2 BORROWER LLC | 708085 | 708085 | 227,2021 -> 2023 -> 2024
AMH ADDISON DEVELOPMENT LLC,2021,Keyword: AMH ADDISON,TU2 | 2024 | 227 | 227211 | 40 | 6 | AMH ADDISON DEVELOPMENT LLC | 58980015 | 58980015 | 227,2021 -> 2022 -> 2023 -> 2024
SFR JV-HD 2024-1 BORROWER LLC,2024,Keyword: SFR JV-HD,TU2 | 2024 | 227 | 227254 | 04 | 10 | SFR JV-HD 2024-1 BORROWER LLC | 648487 | 648487 | 227,2024
SFR JV-HD PROPERTY LLC,2022,Keyword: SFR JV-HD,TU2 | 2023 | 227 | 227254 | 04 | 9 | SFR JV-HD PROPERTY LLC | 744325 | 744325 | 227,2022 -> 2023
